{"stats":{"minecraft:picked_up":{"minecraft:birch_log":17,"minecraft:crafting_table":6,"minecraft:feather":2,"minecraft:chicken":2,"minecraft:clay_ball":16,"minecraft:leather":10,"minecraft:wooden_pickaxe":1,"minecraft:smoker":2,"minecraft:tuff":1,"minecraft:oak_log":61,"minecraft:dirt":91,"minecraft:iron_axe":1,"minecraft:bone":2,"minecraft:apple":2,"minecraft:wheat_seeds":3,"minecraft:cobbled_deepslate":3,"minecraft:raw_gold":16,"minecraft:beef":24,"minecraft:furnace":3,"minecraft:stick":4,"minecraft:raw_iron":23,"minecraft:sandstone":10,"minecraft:torch":7,"minecraft:gravel":1,"minecraft:sand":48,"minecraft:porkchop":8,"minecraft:diorite":5,"minecraft:spruce_log":24,"minecraft:diamond":9,"minecraft:oak_sapling":6,"minecraft:coal":41,"minecraft:mutton":4,"minecraft:white_wool":3,"minecraft:cobblestone":46},"minecraft:killed":{"minecraft:pig":4,"minecraft:sheep":3,"minecraft:zombie":3,"minecraft:chicken":2,"minecraft:cow":8},"minecraft:dropped":{"minecraft:wheat_seeds":3,"minecraft:diamond":3,"minecraft:tuff":1,"minecraft:cobblestone":1,"minecraft:diorite":5,"minecraft:iron_axe":1,"minecraft:wooden_pickaxe":1,"minecraft:stone_pickaxe":1,"minecraft:iron_pickaxe":1},"minecraft:used":{"minecraft:cooked_mutton":1,"minecraft:spruce_door":6,"minecraft:iron_shovel":150,"minecraft:stone_pickaxe":8,"minecraft:birch_boat":1,"minecraft:wooden_pickaxe":3,"minecraft:sandstone":1,"minecraft:cooked_chicken":2,"minecraft:torch":20,"minecraft:glow_berries":3,"minecraft:dirt":15,"minecraft:crafting_table":10,"minecraft:smoker":2,"minecraft:wooden_axe":13,"minecraft:apple":2,"minecraft:iron_axe":46,"minecraft:bread":3,"minecraft:iron_pickaxe":61,"minecraft:cobblestone":10,"minecraft:furnace":3,"minecraft:bucket":1,"minecraft:cooked_beef":2,"minecraft:cobbled_deepslate":3},"minecraft:crafted":{"minecraft:cooked_beef":19,"minecraft:cooked_porkchop":8,"minecraft:crafting_table":4,"minecraft:spruce_planks":96,"minecraft:birch_boat":1,"minecraft:wooden_pickaxe":1,"minecraft:cooked_chicken":2,"minecraft:spruce_door":6,"minecraft:furnace":2,"minecraft:bucket":1,"minecraft:birch_planks":44,"minecraft:cooked_mutton":4,"minecraft:air":0,"minecraft:iron_chestplate":1,"minecraft:charcoal":9,"minecraft:shield":1,"minecraft:iron_axe":1,"minecraft:stick":20,"minecraft:iron_ingot":20,"minecraft:iron_pickaxe":1,"minecraft:stone_pickaxe":1,"minecraft:wooden_axe":1,"minecraft:iron_shovel":1,"minecraft:gold_ingot":16,"minecraft:torch":40,"minecraft:smoker":1},"minecraft:custom":{"minecraft:interact_with_furnace":62,"minecraft:mob_kills":20,"minecraft:interact_with_crafting_table":38,"minecraft:leave_game":1,"minecraft:time_since_death":48658,"minecraft:time_since_rest":48658,"minecraft:sprint_one_cm":167156,"minecraft:damage_taken":370,"minecraft:walk_one_cm":93852,"minecraft:drop":12,"minecraft:damage_dealt":2442,"minecraft:swim_one_cm":29622,"minecraft:player_kills":2,"minecraft:fly_one_cm":138256,"minecraft:open_chest":3,"minecraft:crouch_one_cm":9728,"minecraft:play_time":48658,"minecraft:sneak_time":3880,"minecraft:walk_under_water_one_cm":25372,"minecraft:boat_one_cm":28782,"minecraft:jump":869,"minecraft:walk_on_water_one_cm":36748,"minecraft:interact_with_smoker":27,"minecraft:total_world_time":48658,"minecraft:fall_one_cm":20255},"minecraft:mined":{"minecraft:tuff":1,"minecraft:smoker":2,"minecraft:clay":4,"minecraft:crafting_table":6,"minecraft:short_grass":9,"minecraft:grass_block":4,"minecraft:spruce_leaves":4,"minecraft:diorite":5,"minecraft:sandstone":10,"minecraft:large_fern":1,"minecraft:furnace":3,"minecraft:birch_log":5,"minecraft:sand":55,"minecraft:dirt":92,"minecraft:stone":46,"minecraft:oak_leaves":4,"minecraft:deepslate":4}},"DataVersion":3953}