{"stats":{"minecraft:dropped":{"minecraft:crimson_stem":12,"minecraft:iron_sword":2,"minecraft:birch_planks":49,"minecraft:diamond_axe":8,"minecraft:lapis_lazuli":60,"minecraft:diamond":15,"minecraft:crafting_table":5,"minecraft:glow_berries":5,"minecraft:leather":11,"minecraft:dirt":4,"minecraft:large_fern":1,"minecraft:cooked_cod":4,"minecraft:iron_pickaxe":4,"minecraft:birch_log":6,"minecraft:white_wool":2,"minecraft:gold_ingot":17,"minecraft:bone":8,"minecraft:stone_axe":2,"minecraft:cobbled_deepslate":18,"minecraft:birch_sapling":1,"minecraft:rotten_flesh":33,"minecraft:grindstone":2,"minecraft:oak_planks":25,"minecraft:cooked_mutton":2,"minecraft:white_bed":1,"minecraft:leather_chestplate":1,"minecraft:gunpowder":1,"minecraft:acacia_sapling":5,"minecraft:spruce_slab":7,"minecraft:arrow":10,"minecraft:beef":5,"minecraft:netherrack":10,"minecraft:water_bucket":3,"minecraft:iron_ingot":53,"minecraft:bread":10,"minecraft:wheat_seeds":91,"minecraft:diamond_leggings":3,"minecraft:cobblestone":11,"minecraft:granite":2,"minecraft:coal":9,"minecraft:stick":41,"minecraft:diorite":9,"minecraft:torch":54,"minecraft:wooden_axe":1,"minecraft:nether_wart_block":1,"minecraft:diamond_helmet":9,"minecraft:iron_axe":1,"minecraft:paper":17,"minecraft:string":3,"minecraft:bucket":1,"minecraft:acacia_planks":4,"minecraft:spruce_sapling":3,"minecraft:redstone":50,"minecraft:furnace":3,"minecraft:sweet_berries":37,"minecraft:tuff":1,"minecraft:raw_iron":77,"minecraft:clay_ball":52,"minecraft:nether_bricks":8,"minecraft:spruce_fence":66,"minecraft:filled_map":2,"minecraft:diamond_sword":9,"minecraft:shield":3,"minecraft:diamond_chestplate":2,"minecraft:diamond_pickaxe":2,"minecraft:oak_sapling":1,"minecraft:spider_eye":1,"minecraft:spruce_log":5,"minecraft:diamond_boots":8,"minecraft:slime_ball":6,"minecraft:bow":1,"minecraft:stone_pickaxe":1,"minecraft:wooden_pickaxe":1},"minecraft:crafted":{"minecraft:oak_planks":248,"minecraft:birch_boat":3,"minecraft:cooked_chicken":6,"minecraft:cooked_mutton":6,"minecraft:hopper":2,"minecraft:diamond_helmet":1,"minecraft:diamond_leggings":1,"minecraft:chest":11,"minecraft:birch_door":3,"minecraft:chiseled_stone_bricks":32,"minecraft:smoker":1,"minecraft:oak_slab":108,"minecraft:item_frame":10,"minecraft:emerald":16,"minecraft:cooked_porkchop":38,"minecraft:diamond_axe":1,"minecraft:crafting_table":12,"minecraft:spruce_planks":552,"minecraft:wooden_pickaxe":1,"minecraft:spruce_door":9,"minecraft:birch_planks":124,"minecraft:iron_chestplate":1,"minecraft:charcoal":9,"minecraft:diamond_pickaxe":2,"minecraft:shield":1,"minecraft:stick":292,"minecraft:iron_ingot":73,"minecraft:iron_pickaxe":1,"minecraft:gold_ingot":50,"minecraft:furnace":3,"minecraft:bone_meal":45,"minecraft:spruce_fence":63,"minecraft:iron_axe":1,"minecraft:spruce_slab":54,"minecraft:stone_pickaxe":1,"minecraft:diamond_boots":1,"minecraft:cooked_beef":19,"minecraft:crimson_planks":100,"minecraft:spruce_sign":3,"minecraft:bucket":3,"minecraft:bread":8,"minecraft:air":0,"minecraft:wooden_axe":1,"minecraft:iron_shovel":2,"minecraft:acacia_planks":140,"minecraft:torch":276,"minecraft:clay":16,"minecraft:diamond_chestplate":1},"minecraft:mined":{"minecraft:spruce_planks":13,"minecraft:white_bed":5,"minecraft:cobbled_deepslate_stairs":1,"minecraft:cherry_log":1,"minecraft:brewing_stand":1,"minecraft:obsidian":2,"minecraft:granite":5,"minecraft:grass_block":17,"minecraft:spawner":1,"minecraft:magma_block":2,"minecraft:iron_ore":2,"minecraft:fire":1,"minecraft:dirt_path":5,"minecraft:spruce_slab":39,"minecraft:smoker":5,"minecraft:crimson_nylium":3,"minecraft:clay":81,"minecraft:torch":18,"minecraft:calcite":129,"minecraft:chest":4,"minecraft:cobblestone":1,"minecraft:grindstone":1,"minecraft:oak_planks":48,"minecraft:wall_torch":5,"minecraft:amethyst_block":3,"minecraft:seagrass":1,"minecraft:nether_wart_block":13,"minecraft:wheat":1,"minecraft:birch_log":5,"minecraft:birch_door":1,"minecraft:tnt":1,"minecraft:oak_log":2,"minecraft:sand":56,"minecraft:dirt":157,"minecraft:crimson_planks":1,"minecraft:smooth_basalt":17,"minecraft:stonecutter":1,"minecraft:netherrack":7,"minecraft:oak_leaves":49,"minecraft:deepslate":76,"minecraft:crying_obsidian":6,"minecraft:tuff":32,"minecraft:dark_oak_leaves":5,"minecraft:birch_fence_gate":2,"minecraft:nether_bricks":8,"minecraft:spruce_fence":1,"minecraft:weeping_vines":1,"minecraft:spruce_leaves":16,"minecraft:sandstone":10,"minecraft:large_fern":2,"minecraft:furnace":5,"minecraft:andesite":3,"minecraft:gold_block":1,"minecraft:bookshelf":8,"minecraft:stone":672,"minecraft:acacia_leaves":18,"minecraft:crafting_table":7,"minecraft:short_grass":272,"minecraft:andesite_slab":2,"minecraft:copper_ore":1,"minecraft:tall_grass":14,"minecraft:diorite":12,"minecraft:sweet_berry_bush":3,"minecraft:spruce_log":5,"minecraft:coal_ore":1,"minecraft:gravel":110,"minecraft:birch_fence":2},"minecraft:used":{"minecraft:iron_shovel":409,"minecraft:spruce_slab":84,"minecraft:chest":13,"minecraft:shield":48,"minecraft:iron_sword":4,"minecraft:acacia_sapling":2,"minecraft:tuff":25,"minecraft:obsidian":2,"minecraft:lava_bucket":2,"minecraft:crimson_roots":1,"minecraft:bow":4,"minecraft:furnace":7,"minecraft:oak_sapling":47,"minecraft:cooked_cod":3,"minecraft:diorite":6,"minecraft:spruce_door":9,"minecraft:oak_planks":238,"minecraft:stone_pickaxe":8,"minecraft:wooden_pickaxe":3,"minecraft:sandstone":1,"minecraft:blue_bed":1,"minecraft:diamond_axe":349,"minecraft:clay":21,"minecraft:glow_berries":3,"minecraft:golden_hoe":19,"minecraft:cobbled_deepslate_stairs":1,"minecraft:birch_fence":2,"minecraft:birch_fence_gate":2,"minecraft:bread":15,"minecraft:gravel":3,"minecraft:nether_wart_block":3,"minecraft:diamond_sword":2,"minecraft:grindstone":1,"minecraft:andesite":3,"minecraft:bone_meal":31,"minecraft:flint_and_steel":12,"minecraft:spruce_planks":292,"minecraft:cooked_salmon":6,"minecraft:cooked_chicken":7,"minecraft:netherrack":1,"minecraft:torch":348,"minecraft:brewing_stand":1,"minecraft:dirt":80,"minecraft:hopper":2,"minecraft:spruce_fence":42,"minecraft:birch_door":4,"minecraft:wooden_axe":13,"minecraft:iron_axe":49,"minecraft:iron_boots":1,"minecraft:crimson_planks":53,"minecraft:cooked_beef":4,"minecraft:cobbled_deepslate":75,"minecraft:calcite":57,"minecraft:cooked_mutton":12,"minecraft:water_bucket":158,"minecraft:birch_planks":6,"minecraft:birch_boat":7,"minecraft:spruce_sign":2,"minecraft:stonecutter":1,"minecraft:oak_slab":48,"minecraft:tnt":6,"minecraft:crafting_table":19,"minecraft:white_bed":5,"minecraft:smoker":6,"minecraft:spruce_log":108,"minecraft:oak_log":35,"minecraft:diamond_pickaxe":940,"minecraft:apple":2,"minecraft:iron_pickaxe":81,"minecraft:spruce_sapling":33,"minecraft:cobblestone":56,"minecraft:potion":1,"minecraft:cooked_porkchop":32,"minecraft:bucket":164,"minecraft:gray_wool":1,"minecraft:diamond_leggings":1},"minecraft:killed_by":{"minecraft:wither_skeleton":1,"minecraft:piglin":1,"minecraft:blaze":2,"minecraft:player":2},"minecraft:picked_up":{"minecraft:wooden_axe":1,"minecraft:birch_door":1,"minecraft:wheat":14,"minecraft:diamond_sword":9,"minecraft:brewing_stand":1,"minecraft:crimson_planks":1,"minecraft:amethyst_block":3,"minecraft:string":10,"minecraft:raw_copper":28,"minecraft:cooked_salmon":6,"minecraft:diamond_leggings":3,"minecraft:cobbled_deepslate":100,"minecraft:bucket":2,"minecraft:spruce_planks":111,"minecraft:calcite":129,"minecraft:iron_pickaxe":4,"minecraft:iron_boots":1,"minecraft:furnace":8,"minecraft:golden_helmet":1,"minecraft:stick":84,"minecraft:torch":150,"minecraft:acacia_log":35,"minecraft:porkchop":20,"minecraft:cherry_log":19,"minecraft:diorite":15,"minecraft:rotten_flesh":38,"minecraft:bookshelf":8,"minecraft:obsidian":2,"minecraft:cobblestone":694,"minecraft:birch_log":43,"minecraft:leather_chestplate":1,"minecraft:feather":2,"minecraft:cooked_beef":15,"minecraft:water_bucket":4,"minecraft:andesite":3,"minecraft:smoker":5,"minecraft:potato":1,"minecraft:flint":14,"minecraft:tuff":30,"minecraft:lapis_lazuli":111,"minecraft:dirt":211,"minecraft:bone":25,"minecraft:stonecutter":1,"minecraft:bow":1,"minecraft:wheat_seeds":169,"minecraft:raw_gold":56,"minecraft:grindstone":3,"minecraft:diamond_helmet":9,"minecraft:oak_planks":71,"minecraft:cooked_porkchop":7,"minecraft:birch_fence_gate":2,"minecraft:sand":56,"minecraft:clay":5,"minecraft:diamond":50,"minecraft:granite":7,"minecraft:bone_meal":1,"minecraft:bread":10,"minecraft:oak_sapling":54,"minecraft:netherrack":11,"minecraft:andesite_slab":2,"minecraft:crimson_roots":1,"minecraft:diamond_pickaxe":3,"minecraft:fishing_rod":1,"minecraft:charcoal":108,"minecraft:crafting_table":13,"minecraft:chicken":2,"minecraft:clay_ball":292,"minecraft:wooden_pickaxe":1,"minecraft:gold_block":1,"minecraft:shield":6,"minecraft:iron_axe":1,"minecraft:iron_shovel":1,"minecraft:birch_fence":2,"minecraft:beef":29,"minecraft:spruce_slab":61,"minecraft:chest":4,"minecraft:birch_sapling":1,"minecraft:raw_iron":226,"minecraft:sandstone":10,"minecraft:spruce_fence":45,"minecraft:redstone":50,"minecraft:tnt":1,"minecraft:arrow":27,"minecraft:diamond_chestplate":2,"minecraft:cooked_cod":7,"minecraft:nether_bricks":8,"minecraft:diamond_boots":8,"minecraft:gold_ingot":17,"minecraft:glow_berries":5,"minecraft:mutton":14,"minecraft:white_wool":5,"minecraft:crimson_stem":101,"minecraft:leather":21,"minecraft:filled_map":1,"minecraft:birch_planks":49,"minecraft:oak_log":185,"minecraft:nether_wart_block":4,"minecraft:cobbled_deepslate_stairs":1,"minecraft:gunpowder":7,"minecraft:blue_bed":1,"minecraft:paper":17,"minecraft:cooked_mutton":8,"minecraft:apple":5,"minecraft:iron_ingot":46,"minecraft:cooked_chicken":3,"minecraft:glass_bottle":1,"minecraft:iron_sword":3,"minecraft:acacia_sapling":16,"minecraft:smooth_basalt":17,"minecraft:birch_boat":6,"minecraft:sweet_berries":44,"minecraft:gravel":85,"minecraft:spruce_sapling":43,"minecraft:white_bed":6,"minecraft:spruce_log":410,"minecraft:crying_obsidian":6,"minecraft:spider_eye":2,"minecraft:spruce_door":1,"minecraft:slime_ball":6,"minecraft:stone_axe":2,"minecraft:diamond_axe":9,"minecraft:gray_wool":1,"minecraft:black_wool":1,"minecraft:melon_seeds":3,"minecraft:coal":367},"minecraft:killed":{"minecraft:spider":10,"minecraft:skeleton":15,"minecraft:chicken":2,"minecraft:pig":12,"minecraft:zombie_villager":2,"minecraft:creeper":4,"minecraft:sheep":5,"minecraft:zombie":25,"minecraft:cow":8,"minecraft:drowned":4,"minecraft:squid":1},"minecraft:custom":{"minecraft:interact_with_crafting_table":77,"minecraft:bell_ring":18,"minecraft:leave_game":29,"minecraft:time_since_death":344135,"minecraft:sprint_one_cm":1398657,"minecraft:damage_blocked_by_shield":1309,"minecraft:drop":171,"minecraft:talked_to_villager":20,"minecraft:play_time":447414,"minecraft:deaths":8,"minecraft:jump":7374,"minecraft:walk_on_water_one_cm":199050,"minecraft:interact_with_furnace":132,"minecraft:traded_with_villager":24,"minecraft:sleep_in_bed":7,"minecraft:damage_dealt":14916,"minecraft:player_kills":6,"minecraft:crouch_one_cm":137644,"minecraft:interact_with_smoker":57,"minecraft:mob_kills":88,"minecraft:inspect_hopper":22,"minecraft:interact_with_campfire":8,"minecraft:climb_one_cm":338,"minecraft:walk_one_cm":843743,"minecraft:sneak_time":39131,"minecraft:walk_under_water_one_cm":174876,"minecraft:boat_one_cm":702967,"minecraft:total_world_time":447414,"minecraft:interact_with_grindstone":7,"minecraft:time_since_rest":104339,"minecraft:damage_taken":5428,"minecraft:swim_one_cm":245722,"minecraft:fly_one_cm":1465126,"minecraft:open_chest":207,"minecraft:fall_one_cm":158498}},"DataVersion":3953}