{"stats":{"minecraft:picked_up":{"minecraft:wooden_axe":1,"minecraft:birch_door":1,"minecraft:wheat":14,"minecraft:diamond_sword":9,"minecraft:brewing_stand":1,"minecraft:crimson_planks":1,"minecraft:amethyst_block":3,"minecraft:string":8,"minecraft:cooked_salmon":6,"minecraft:diamond_leggings":3,"minecraft:cobbled_deepslate":61,"minecraft:bucket":2,"minecraft:spruce_planks":111,"minecraft:calcite":18,"minecraft:iron_pickaxe":4,"minecraft:furnace":8,"minecraft:iron_boots":1,"minecraft:golden_helmet":1,"minecraft:stick":72,"minecraft:torch":125,"minecraft:acacia_log":35,"minecraft:porkchop":20,"minecraft:cherry_log":19,"minecraft:diorite":15,"minecraft:rotten_flesh":32,"minecraft:bookshelf":8,"minecraft:obsidian":2,"minecraft:cobblestone":129,"minecraft:birch_log":43,"minecraft:leather_chestplate":1,"minecraft:feather":2,"minecraft:cooked_beef":15,"minecraft:water_bucket":4,"minecraft:andesite":3,"minecraft:smoker":5,"minecraft:potato":1,"minecraft:tuff":26,"minecraft:lapis_lazuli":111,"minecraft:dirt":117,"minecraft:bone":20,"minecraft:bow":1,"minecraft:stonecutter":1,"minecraft:wheat_seeds":166,"minecraft:raw_gold":50,"minecraft:grindstone":3,"minecraft:diamond_helmet":9,"minecraft:oak_planks":27,"minecraft:cooked_porkchop":7,"minecraft:birch_fence_gate":2,"minecraft:sand":56,"minecraft:clay":5,"minecraft:diamond":43,"minecraft:granite":2,"minecraft:bone_meal":1,"minecraft:bread":10,"minecraft:oak_sapling":18,"minecraft:netherrack":11,"minecraft:andesite_slab":2,"minecraft:crimson_roots":1,"minecraft:diamond_pickaxe":3,"minecraft:charcoal":108,"minecraft:crafting_table":13,"minecraft:chicken":2,"minecraft:clay_ball":292,"minecraft:wooden_pickaxe":1,"minecraft:gold_block":1,"minecraft:shield":6,"minecraft:iron_axe":1,"minecraft:iron_shovel":1,"minecraft:birch_fence":2,"minecraft:beef":29,"minecraft:spruce_slab":61,"minecraft:chest":4,"minecraft:birch_sapling":1,"minecraft:raw_iron":176,"minecraft:sandstone":10,"minecraft:spruce_fence":45,"minecraft:redstone":50,"minecraft:tnt":1,"minecraft:arrow":24,"minecraft:diamond_chestplate":2,"minecraft:cooked_cod":7,"minecraft:nether_bricks":8,"minecraft:diamond_boots":8,"minecraft:gold_ingot":17,"minecraft:glow_berries":5,"minecraft:mutton":14,"minecraft:white_wool":5,"minecraft:crimson_stem":101,"minecraft:leather":21,"minecraft:birch_planks":49,"minecraft:filled_map":1,"minecraft:oak_log":82,"minecraft:cobbled_deepslate_stairs":1,"minecraft:nether_wart_block":4,"minecraft:gunpowder":7,"minecraft:blue_bed":1,"minecraft:paper":17,"minecraft:cooked_mutton":8,"minecraft:apple":2,"minecraft:iron_ingot":46,"minecraft:cooked_chicken":3,"minecraft:glass_bottle":1,"minecraft:acacia_sapling":16,"minecraft:iron_sword":3,"minecraft:smooth_basalt":16,"minecraft:birch_boat":6,"minecraft:sweet_berries":44,"minecraft:gravel":19,"minecraft:spruce_sapling":43,"minecraft:white_bed":6,"minecraft:spruce_log":410,"minecraft:crying_obsidian":6,"minecraft:spruce_door":1,"minecraft:spider_eye":2,"minecraft:slime_ball":6,"minecraft:stone_axe":2,"minecraft:diamond_axe":9,"minecraft:gray_wool":1,"minecraft:melon_seeds":3,"minecraft:black_wool":1,"minecraft:coal":312},"minecraft:killed":{"minecraft:spider":8,"minecraft:skeleton":12,"minecraft:chicken":2,"minecraft:pig":12,"minecraft:zombie_villager":1,"minecraft:creeper":4,"minecraft:sheep":5,"minecraft:zombie":22,"minecraft:cow":8,"minecraft:drowned":2,"minecraft:squid":1},"minecraft:dropped":{"minecraft:crimson_stem":12,"minecraft:iron_sword":2,"minecraft:birch_planks":49,"minecraft:diamond_axe":8,"minecraft:lapis_lazuli":60,"minecraft:diamond":15,"minecraft:crafting_table":5,"minecraft:glow_berries":5,"minecraft:leather":11,"minecraft:dirt":4,"minecraft:large_fern":1,"minecraft:cooked_cod":4,"minecraft:iron_pickaxe":4,"minecraft:birch_log":6,"minecraft:white_wool":2,"minecraft:gold_ingot":17,"minecraft:bone":8,"minecraft:stone_axe":2,"minecraft:cobbled_deepslate":18,"minecraft:birch_sapling":1,"minecraft:rotten_flesh":29,"minecraft:grindstone":2,"minecraft:oak_planks":25,"minecraft:cooked_mutton":2,"minecraft:white_bed":1,"minecraft:leather_chestplate":1,"minecraft:gunpowder":1,"minecraft:acacia_sapling":5,"minecraft:spruce_slab":7,"minecraft:arrow":10,"minecraft:beef":5,"minecraft:netherrack":10,"minecraft:water_bucket":3,"minecraft:iron_ingot":53,"minecraft:bread":10,"minecraft:wheat_seeds":91,"minecraft:diamond_leggings":3,"minecraft:cobblestone":11,"minecraft:granite":2,"minecraft:coal":9,"minecraft:stick":41,"minecraft:diorite":9,"minecraft:torch":54,"minecraft:wooden_axe":1,"minecraft:nether_wart_block":1,"minecraft:diamond_helmet":9,"minecraft:iron_axe":1,"minecraft:paper":17,"minecraft:string":3,"minecraft:bucket":1,"minecraft:acacia_planks":4,"minecraft:spruce_sapling":3,"minecraft:redstone":50,"minecraft:furnace":3,"minecraft:sweet_berries":37,"minecraft:tuff":1,"minecraft:raw_iron":77,"minecraft:clay_ball":52,"minecraft:nether_bricks":8,"minecraft:spruce_fence":66,"minecraft:filled_map":2,"minecraft:diamond_sword":9,"minecraft:shield":3,"minecraft:diamond_chestplate":2,"minecraft:diamond_pickaxe":2,"minecraft:spider_eye":1,"minecraft:diamond_boots":8,"minecraft:spruce_log":5,"minecraft:slime_ball":6,"minecraft:bow":1,"minecraft:stone_pickaxe":1,"minecraft:wooden_pickaxe":1},"minecraft:killed_by":{"minecraft:wither_skeleton":1,"minecraft:piglin":1,"minecraft:blaze":2,"minecraft:player":2},"minecraft:used":{"minecraft:iron_shovel":251,"minecraft:spruce_slab":84,"minecraft:chest":13,"minecraft:shield":31,"minecraft:iron_sword":4,"minecraft:acacia_sapling":2,"minecraft:tuff":25,"minecraft:obsidian":2,"minecraft:lava_bucket":2,"minecraft:crimson_roots":1,"minecraft:bow":4,"minecraft:oak_sapling":12,"minecraft:furnace":7,"minecraft:cooked_cod":3,"minecraft:diorite":6,"minecraft:spruce_door":9,"minecraft:stone_pickaxe":8,"minecraft:wooden_pickaxe":3,"minecraft:sandstone":1,"minecraft:blue_bed":1,"minecraft:diamond_axe":252,"minecraft:clay":21,"minecraft:glow_berries":3,"minecraft:golden_hoe":19,"minecraft:cobbled_deepslate_stairs":1,"minecraft:birch_fence":2,"minecraft:birch_fence_gate":2,"minecraft:bread":7,"minecraft:gravel":1,"minecraft:nether_wart_block":3,"minecraft:diamond_sword":2,"minecraft:grindstone":1,"minecraft:andesite":3,"minecraft:bone_meal":7,"minecraft:flint_and_steel":7,"minecraft:spruce_planks":292,"minecraft:cooked_salmon":6,"minecraft:cooked_chicken":7,"minecraft:netherrack":1,"minecraft:torch":226,"minecraft:brewing_stand":1,"minecraft:dirt":48,"minecraft:hopper":2,"minecraft:spruce_fence":42,"minecraft:birch_door":4,"minecraft:wooden_axe":13,"minecraft:iron_axe":49,"minecraft:iron_boots":1,"minecraft:crimson_planks":53,"minecraft:cooked_beef":4,"minecraft:cobbled_deepslate":36,"minecraft:cooked_mutton":12,"minecraft:water_bucket":103,"minecraft:birch_planks":6,"minecraft:birch_boat":7,"minecraft:spruce_sign":2,"minecraft:stonecutter":1,"minecraft:tnt":1,"minecraft:crafting_table":19,"minecraft:white_bed":5,"minecraft:smoker":6,"minecraft:spruce_log":108,"minecraft:oak_log":1,"minecraft:diamond_pickaxe":222,"minecraft:apple":2,"minecraft:iron_pickaxe":81,"minecraft:spruce_sapling":33,"minecraft:cobblestone":52,"minecraft:potion":1,"minecraft:cooked_porkchop":24,"minecraft:bucket":109,"minecraft:gray_wool":1,"minecraft:diamond_leggings":1},"minecraft:crafted":{"minecraft:birch_boat":3,"minecraft:cooked_chicken":6,"minecraft:cooked_mutton":6,"minecraft:hopper":2,"minecraft:diamond_helmet":1,"minecraft:diamond_leggings":1,"minecraft:chest":11,"minecraft:birch_door":3,"minecraft:chiseled_stone_bricks":32,"minecraft:smoker":1,"minecraft:item_frame":10,"minecraft:emerald":16,"minecraft:cooked_porkchop":38,"minecraft:diamond_axe":1,"minecraft:crafting_table":12,"minecraft:spruce_planks":552,"minecraft:wooden_pickaxe":1,"minecraft:spruce_door":9,"minecraft:birch_planks":124,"minecraft:iron_chestplate":1,"minecraft:charcoal":9,"minecraft:diamond_pickaxe":2,"minecraft:shield":1,"minecraft:stick":240,"minecraft:iron_ingot":73,"minecraft:iron_pickaxe":1,"minecraft:gold_ingot":50,"minecraft:furnace":3,"minecraft:bone_meal":21,"minecraft:spruce_fence":63,"minecraft:iron_axe":1,"minecraft:spruce_slab":54,"minecraft:stone_pickaxe":1,"minecraft:diamond_boots":1,"minecraft:cooked_beef":19,"minecraft:crimson_planks":100,"minecraft:spruce_sign":3,"minecraft:bucket":3,"minecraft:bread":8,"minecraft:air":0,"minecraft:wooden_axe":1,"minecraft:iron_shovel":2,"minecraft:acacia_planks":52,"minecraft:torch":156,"minecraft:clay":16,"minecraft:diamond_chestplate":1},"minecraft:custom":{"minecraft:interact_with_crafting_table":76,"minecraft:bell_ring":18,"minecraft:leave_game":25,"minecraft:time_since_death":254619,"minecraft:sprint_one_cm":1115010,"minecraft:damage_blocked_by_shield":889,"minecraft:drop":168,"minecraft:talked_to_villager":19,"minecraft:play_time":357898,"minecraft:deaths":8,"minecraft:jump":5789,"minecraft:walk_on_water_one_cm":162802,"minecraft:interact_with_furnace":132,"minecraft:traded_with_villager":24,"minecraft:sleep_in_bed":7,"minecraft:damage_dealt":12716,"minecraft:player_kills":6,"minecraft:crouch_one_cm":78325,"minecraft:interact_with_smoker":56,"minecraft:mob_kills":77,"minecraft:inspect_hopper":22,"minecraft:interact_with_campfire":8,"minecraft:climb_one_cm":338,"minecraft:walk_one_cm":662443,"minecraft:sneak_time":25771,"minecraft:walk_under_water_one_cm":131575,"minecraft:boat_one_cm":702967,"minecraft:total_world_time":357898,"minecraft:interact_with_grindstone":7,"minecraft:time_since_rest":14823,"minecraft:damage_taken":4804,"minecraft:swim_one_cm":207530,"minecraft:fly_one_cm":1162198,"minecraft:open_chest":196,"minecraft:fall_one_cm":121447},"minecraft:mined":{"minecraft:spruce_planks":13,"minecraft:white_bed":5,"minecraft:cobbled_deepslate_stairs":1,"minecraft:cherry_log":1,"minecraft:brewing_stand":1,"minecraft:obsidian":2,"minecraft:grass_block":10,"minecraft:spawner":1,"minecraft:magma_block":2,"minecraft:fire":1,"minecraft:dirt_path":2,"minecraft:spruce_slab":39,"minecraft:smoker":5,"minecraft:crimson_nylium":3,"minecraft:clay":81,"minecraft:torch":5,"minecraft:calcite":18,"minecraft:chest":4,"minecraft:cobblestone":1,"minecraft:grindstone":1,"minecraft:oak_planks":4,"minecraft:wall_torch":4,"minecraft:amethyst_block":3,"minecraft:seagrass":1,"minecraft:nether_wart_block":13,"minecraft:wheat":1,"minecraft:birch_log":5,"minecraft:birch_door":1,"minecraft:tnt":1,"minecraft:sand":56,"minecraft:dirt":108,"minecraft:crimson_planks":1,"minecraft:smooth_basalt":16,"minecraft:stonecutter":1,"minecraft:netherrack":7,"minecraft:oak_leaves":28,"minecraft:deepslate":41,"minecraft:crying_obsidian":6,"minecraft:tuff":28,"minecraft:dark_oak_leaves":5,"minecraft:birch_fence_gate":2,"minecraft:nether_bricks":8,"minecraft:spruce_fence":1,"minecraft:weeping_vines":1,"minecraft:spruce_leaves":16,"minecraft:sandstone":10,"minecraft:large_fern":2,"minecraft:furnace":5,"minecraft:andesite":3,"minecraft:gold_block":1,"minecraft:bookshelf":8,"minecraft:stone":126,"minecraft:acacia_leaves":18,"minecraft:crafting_table":7,"minecraft:short_grass":266,"minecraft:andesite_slab":2,"minecraft:tall_grass":13,"minecraft:diorite":12,"minecraft:sweet_berry_bush":3,"minecraft:spruce_log":5,"minecraft:gravel":10,"minecraft:birch_fence":2}},"DataVersion":3953}