{"stats":{"minecraft:picked_up":{"minecraft:birch_log":17,"minecraft:stick":1,"minecraft:raw_iron":18,"minecraft:crafting_table":3,"minecraft:wooden_pickaxe":1,"minecraft:tuff":1,"minecraft:oak_log":20,"minecraft:diorite":5,"minecraft:bone":2,"minecraft:apple":2,"minecraft:diamond":9,"minecraft:wheat_seeds":1,"minecraft:cobbled_deepslate":3,"minecraft:raw_gold":16,"minecraft:oak_sapling":5,"minecraft:coal":12,"minecraft:cobblestone":6},"minecraft:killed":{"minecraft:zombie":3},"minecraft:dropped":{"minecraft:wheat_seeds":1,"minecraft:stone_pickaxe":1,"minecraft:wooden_pickaxe":1,"minecraft:iron_pickaxe":1},"minecraft:used":{"minecraft:wooden_axe":13,"minecraft:apple":2,"minecraft:bread":3,"minecraft:stone_pickaxe":8,"minecraft:iron_pickaxe":6,"minecraft:wooden_pickaxe":3,"minecraft:torch":10,"minecraft:glow_berries":3,"minecraft:cobblestone":1,"minecraft:crafting_table":5,"minecraft:cobbled_deepslate":3},"minecraft:crafted":{"minecraft:iron_chestplate":1,"minecraft:shield":1,"minecraft:iron_axe":1,"minecraft:crafting_table":3,"minecraft:stick":16,"minecraft:iron_pickaxe":1,"minecraft:iron_ingot":15,"minecraft:wooden_pickaxe":1,"minecraft:stone_pickaxe":1,"minecraft:wooden_axe":1,"minecraft:torch":4,"minecraft:birch_planks":44,"minecraft:air":0},"minecraft:custom":{"minecraft:time_since_rest":18658,"minecraft:interact_with_furnace":11,"minecraft:sprint_one_cm":99371,"minecraft:damage_taken":235,"minecraft:walk_one_cm":47711,"minecraft:mob_kills":3,"minecraft:drop":4,"minecraft:damage_dealt":658,"minecraft:interact_with_crafting_table":15,"minecraft:swim_one_cm":4329,"minecraft:fly_one_cm":73025,"minecraft:player_kills":1,"minecraft:crouch_one_cm":4048,"minecraft:play_time":18658,"minecraft:sneak_time":1802,"minecraft:walk_under_water_one_cm":7904,"minecraft:jump":396,"minecraft:leave_game":1,"minecraft:time_since_death":18658,"minecraft:walk_on_water_one_cm":11388,"minecraft:total_world_time":18658,"minecraft:fall_one_cm":9790},"minecraft:mined":{"minecraft:tuff":1,"minecraft:birch_log":5,"minecraft:crafting_table":3,"minecraft:short_grass":2,"minecraft:stone":6,"minecraft:diorite":5,"minecraft:deepslate":4}},"DataVersion":3953}