{"stats":{"minecraft:picked_up":{"minecraft:crafting_table":6,"minecraft:chicken":2,"minecraft:clay_ball":16,"minecraft:wooden_pickaxe":1,"minecraft:gold_block":1,"minecraft:shield":1,"minecraft:iron_axe":1,"minecraft:iron_shovel":1,"minecraft:cobbled_deepslate":3,"minecraft:spruce_planks":44,"minecraft:beef":24,"minecraft:iron_boots":1,"minecraft:furnace":3,"minecraft:golden_helmet":1,"minecraft:stick":15,"minecraft:raw_iron":38,"minecraft:sandstone":10,"minecraft:torch":30,"minecraft:porkchop":8,"minecraft:diorite":5,"minecraft:rotten_flesh":2,"minecraft:gold_ingot":17,"minecraft:mutton":4,"minecraft:obsidian":1,"minecraft:cobblestone":64,"minecraft:white_wool":3,"minecraft:birch_log":17,"minecraft:feather":2,"minecraft:cooked_beef":15,"minecraft:water_bucket":1,"minecraft:andesite":1,"minecraft:leather":10,"minecraft:smoker":2,"minecraft:filled_map":1,"minecraft:birch_planks":3,"minecraft:tuff":1,"minecraft:oak_log":61,"minecraft:nether_wart_block":3,"minecraft:dirt":103,"minecraft:bone":2,"minecraft:apple":2,"minecraft:wheat_seeds":3,"minecraft:raw_gold":16,"minecraft:grindstone":1,"minecraft:iron_ingot":1,"minecraft:glass_bottle":1,"minecraft:oak_planks":2,"minecraft:iron_sword":1,"minecraft:cooked_porkchop":7,"minecraft:sweet_berries":10,"minecraft:gravel":1,"minecraft:sand":56,"minecraft:spruce_log":24,"minecraft:crying_obsidian":3,"minecraft:spruce_door":1,"minecraft:diamond":9,"minecraft:oak_sapling":6,"minecraft:netherrack":1,"minecraft:coal":181,"minecraft:crimson_roots":1,"minecraft:diamond_pickaxe":1},"minecraft:killed":{"minecraft:chicken":2,"minecraft:pig":4,"minecraft:sheep":3,"minecraft:zombie":4,"minecraft:cow":8},"minecraft:dropped":{"minecraft:birch_planks":3,"minecraft:wheat_seeds":3,"minecraft:diamond":3,"minecraft:cobblestone":1,"minecraft:diorite":5,"minecraft:iron_axe":1,"minecraft:iron_pickaxe":1,"minecraft:gold_ingot":17,"minecraft:tuff":1,"minecraft:filled_map":2,"minecraft:stone_pickaxe":1,"minecraft:wooden_pickaxe":1},"minecraft:killed_by":{"minecraft:wither_skeleton":1,"minecraft:piglin":1,"minecraft:blaze":2},"minecraft:used":{"minecraft:iron_shovel":163,"minecraft:chest":2,"minecraft:iron_sword":4,"minecraft:cooked_chicken":2,"minecraft:netherrack":1,"minecraft:torch":76,"minecraft:dirt":38,"minecraft:obsidian":1,"minecraft:wooden_axe":13,"minecraft:iron_axe":49,"minecraft:iron_boots":1,"minecraft:crimson_roots":1,"minecraft:furnace":4,"minecraft:cooked_beef":4,"minecraft:cobbled_deepslate":3,"minecraft:cooked_mutton":4,"minecraft:water_bucket":7,"minecraft:spruce_door":9,"minecraft:stone_pickaxe":8,"minecraft:wooden_pickaxe":3,"minecraft:birch_boat":1,"minecraft:sandstone":1,"minecraft:spruce_sign":2,"minecraft:glow_berries":3,"minecraft:crafting_table":12,"minecraft:smoker":3,"minecraft:diamond_pickaxe":7,"minecraft:apple":2,"minecraft:bread":3,"minecraft:iron_pickaxe":81,"minecraft:nether_wart_block":1,"minecraft:cobblestone":15,"minecraft:potion":1,"minecraft:cooked_porkchop":2,"minecraft:grindstone":1,"minecraft:bucket":8,"minecraft:andesite":1},"minecraft:crafted":{"minecraft:birch_boat":1,"minecraft:cooked_chicken":2,"minecraft:furnace":2,"minecraft:cooked_mutton":4,"minecraft:iron_axe":1,"minecraft:stone_pickaxe":1,"minecraft:chest":2,"minecraft:smoker":1,"minecraft:cooked_beef":19,"minecraft:cooked_porkchop":8,"minecraft:spruce_sign":3,"minecraft:crafting_table":6,"minecraft:spruce_planks":96,"minecraft:wooden_pickaxe":1,"minecraft:spruce_door":9,"minecraft:bucket":1,"minecraft:birch_planks":44,"minecraft:air":0,"minecraft:iron_chestplate":1,"minecraft:charcoal":9,"minecraft:diamond_pickaxe":1,"minecraft:shield":1,"minecraft:stick":32,"minecraft:iron_pickaxe":1,"minecraft:iron_ingot":21,"minecraft:wooden_axe":1,"minecraft:iron_shovel":1,"minecraft:gold_ingot":25,"minecraft:torch":40},"minecraft:custom":{"minecraft:mob_kills":21,"minecraft:interact_with_crafting_table":43,"minecraft:leave_game":1,"minecraft:time_since_death":3635,"minecraft:climb_one_cm":39,"minecraft:sprint_one_cm":253257,"minecraft:walk_one_cm":129185,"minecraft:drop":16,"minecraft:talked_to_villager":1,"minecraft:play_time":84658,"minecraft:deaths":5,"minecraft:sneak_time":8366,"minecraft:walk_under_water_one_cm":48484,"minecraft:boat_one_cm":168715,"minecraft:jump":1396,"minecraft:walk_on_water_one_cm":54129,"minecraft:total_world_time":84658,"minecraft:interact_with_furnace":67,"minecraft:sleep_in_bed":1,"minecraft:time_since_rest":3664,"minecraft:damage_taken":2304,"minecraft:damage_dealt":2547,"minecraft:swim_one_cm":79271,"minecraft:fly_one_cm":250565,"minecraft:player_kills":2,"minecraft:open_chest":25,"minecraft:crouch_one_cm":20958,"minecraft:interact_with_smoker":29,"minecraft:fall_one_cm":38836},"minecraft:mined":{"minecraft:crying_obsidian":3,"minecraft:tuff":1,"minecraft:obsidian":1,"minecraft:grass_block":4,"minecraft:weeping_vines":1,"minecraft:spruce_leaves":4,"minecraft:sandstone":10,"minecraft:large_fern":1,"minecraft:furnace":3,"minecraft:andesite":1,"minecraft:gold_block":1,"minecraft:stone":62,"minecraft:smoker":2,"minecraft:clay":4,"minecraft:crafting_table":6,"minecraft:short_grass":9,"minecraft:oak_planks":4,"minecraft:diorite":5,"minecraft:nether_wart_block":13,"minecraft:birch_log":5,"minecraft:sweet_berry_bush":2,"minecraft:dirt":105,"minecraft:sand":56,"minecraft:netherrack":3,"minecraft:oak_leaves":4,"minecraft:deepslate":4}},"DataVersion":3953}