{"stats":{"minecraft:picked_up":{"minecraft:wooden_axe":1,"minecraft:crafting_table":11,"minecraft:chicken":2,"minecraft:clay_ball":16,"minecraft:diamond_sword":9,"minecraft:wooden_pickaxe":1,"minecraft:gold_block":1,"minecraft:shield":6,"minecraft:string":3,"minecraft:iron_axe":1,"minecraft:cooked_salmon":6,"minecraft:iron_shovel":1,"minecraft:diamond_leggings":3,"minecraft:cobbled_deepslate":27,"minecraft:spruce_planks":98,"minecraft:beef":29,"minecraft:iron_pickaxe":4,"minecraft:spruce_slab":7,"minecraft:birch_sapling":1,"minecraft:iron_boots":1,"minecraft:furnace":6,"minecraft:golden_helmet":1,"minecraft:stick":30,"minecraft:raw_iron":134,"minecraft:sandstone":10,"minecraft:torch":113,"minecraft:porkchop":8,"minecraft:cherry_log":19,"minecraft:diorite":11,"minecraft:redstone":50,"minecraft:arrow":12,"minecraft:rotten_flesh":18,"minecraft:diamond_chestplate":2,"minecraft:cooked_cod":7,"minecraft:diamond_boots":8,"minecraft:gold_ingot":17,"minecraft:obsidian":2,"minecraft:glow_berries":5,"minecraft:mutton":10,"minecraft:cobblestone":99,"minecraft:white_wool":5,"minecraft:birch_log":29,"minecraft:leather_chestplate":1,"minecraft:feather":2,"minecraft:cooked_beef":15,"minecraft:water_bucket":3,"minecraft:andesite":1,"minecraft:leather":21,"minecraft:smoker":2,"minecraft:filled_map":1,"minecraft:birch_planks":49,"minecraft:tuff":1,"minecraft:oak_log":61,"minecraft:nether_wart_block":4,"minecraft:gunpowder":1,"minecraft:lapis_lazuli":111,"minecraft:dirt":106,"minecraft:blue_bed":1,"minecraft:paper":17,"minecraft:cooked_mutton":3,"minecraft:bone":15,"minecraft:apple":2,"minecraft:bow":1,"minecraft:wheat_seeds":3,"minecraft:raw_gold":35,"minecraft:iron_ingot":39,"minecraft:grindstone":1,"minecraft:cooked_chicken":3,"minecraft:diamond_helmet":9,"minecraft:glass_bottle":1,"minecraft:iron_sword":3,"minecraft:oak_planks":27,"minecraft:cooked_porkchop":7,"minecraft:sweet_berries":44,"minecraft:gravel":1,"minecraft:sand":56,"minecraft:spruce_sapling":5,"minecraft:white_bed":3,"minecraft:spruce_log":29,"minecraft:spider_eye":1,"minecraft:crying_obsidian":3,"minecraft:spruce_door":1,"minecraft:slime_ball":6,"minecraft:diamond":37,"minecraft:stone_axe":2,"minecraft:diamond_axe":9,"minecraft:granite":2,"minecraft:bread":10,"minecraft:oak_sapling":6,"minecraft:netherrack":1,"minecraft:coal":202,"minecraft:crimson_roots":1,"minecraft:diamond_pickaxe":3},"minecraft:killed":{"minecraft:spider":2,"minecraft:skeleton":3,"minecraft:chicken":2,"minecraft:pig":4,"minecraft:sheep":3,"minecraft:zombie":6,"minecraft:cow":8},"minecraft:dropped":{"minecraft:water_bucket":2,"minecraft:iron_ingot":38,"minecraft:bread":10,"minecraft:iron_sword":2,"minecraft:birch_planks":49,"minecraft:wheat_seeds":3,"minecraft:diamond_axe":8,"minecraft:lapis_lazuli":60,"minecraft:diamond":14,"minecraft:crafting_table":4,"minecraft:diamond_leggings":3,"minecraft:glow_berries":5,"minecraft:cobblestone":11,"minecraft:leather":11,"minecraft:granite":2,"minecraft:coal":9,"minecraft:stick":5,"minecraft:dirt":3,"minecraft:diorite":8,"minecraft:torch":54,"minecraft:wooden_axe":1,"minecraft:nether_wart_block":1,"minecraft:cooked_cod":4,"minecraft:diamond_helmet":9,"minecraft:iron_axe":1,"minecraft:iron_pickaxe":4,"minecraft:paper":17,"minecraft:string":3,"minecraft:birch_log":6,"minecraft:white_wool":2,"minecraft:spruce_sapling":3,"minecraft:gold_ingot":17,"minecraft:bone":8,"minecraft:redstone":50,"minecraft:furnace":3,"minecraft:stone_axe":2,"minecraft:sweet_berries":34,"minecraft:cobbled_deepslate":18,"minecraft:tuff":1,"minecraft:raw_iron":77,"minecraft:rotten_flesh":14,"minecraft:oak_planks":25,"minecraft:cooked_mutton":2,"minecraft:white_bed":1,"minecraft:filled_map":2,"minecraft:diamond_sword":9,"minecraft:leather_chestplate":1,"minecraft:shield":3,"minecraft:gunpowder":1,"minecraft:diamond_chestplate":2,"minecraft:diamond_pickaxe":2,"minecraft:slime_ball":6,"minecraft:spruce_slab":7,"minecraft:diamond_boots":8,"minecraft:spruce_log":5,"minecraft:wooden_pickaxe":1,"minecraft:arrow":10,"minecraft:stone_pickaxe":1,"minecraft:beef":5},"minecraft:killed_by":{"minecraft:player":2,"minecraft:wither_skeleton":1,"minecraft:piglin":1,"minecraft:blaze":2},"minecraft:used":{"minecraft:iron_shovel":163,"minecraft:chest":2,"minecraft:shield":11,"minecraft:iron_sword":4,"minecraft:cooked_salmon":5,"minecraft:cooked_chicken":5,"minecraft:netherrack":1,"minecraft:torch":114,"minecraft:dirt":38,"minecraft:obsidian":2,"minecraft:wooden_axe":13,"minecraft:iron_axe":49,"minecraft:iron_boots":1,"minecraft:crimson_roots":1,"minecraft:furnace":4,"minecraft:cooked_cod":3,"minecraft:cooked_beef":4,"minecraft:cobbled_deepslate":3,"minecraft:cooked_mutton":5,"minecraft:water_bucket":7,"minecraft:diorite":1,"minecraft:spruce_door":9,"minecraft:stone_pickaxe":8,"minecraft:birch_boat":1,"minecraft:wooden_pickaxe":3,"minecraft:sandstone":1,"minecraft:spruce_sign":2,"minecraft:blue_bed":1,"minecraft:diamond_axe":59,"minecraft:glow_berries":3,"minecraft:crafting_table":13,"minecraft:white_bed":2,"minecraft:smoker":3,"minecraft:diamond_pickaxe":45,"minecraft:apple":2,"minecraft:bread":3,"minecraft:iron_pickaxe":81,"minecraft:spruce_sapling":2,"minecraft:nether_wart_block":3,"minecraft:diamond_sword":2,"minecraft:potion":1,"minecraft:cobblestone":31,"minecraft:grindstone":1,"minecraft:cooked_porkchop":2,"minecraft:andesite":1,"minecraft:bucket":8,"minecraft:diamond_leggings":1},"minecraft:crafted":{"minecraft:birch_boat":1,"minecraft:cooked_chicken":2,"minecraft:furnace":2,"minecraft:cooked_mutton":4,"minecraft:iron_axe":1,"minecraft:stone_pickaxe":1,"minecraft:chest":2,"minecraft:smoker":1,"minecraft:cooked_beef":19,"minecraft:cooked_porkchop":8,"minecraft:spruce_sign":3,"minecraft:diamond_axe":1,"minecraft:crafting_table":7,"minecraft:spruce_planks":96,"minecraft:wooden_pickaxe":1,"minecraft:spruce_door":9,"minecraft:bucket":1,"minecraft:birch_planks":68,"minecraft:air":0,"minecraft:iron_chestplate":1,"minecraft:charcoal":9,"minecraft:diamond_pickaxe":2,"minecraft:shield":1,"minecraft:stick":44,"minecraft:iron_ingot":21,"minecraft:iron_pickaxe":1,"minecraft:wooden_axe":1,"minecraft:iron_shovel":1,"minecraft:gold_ingot":25,"minecraft:torch":100},"minecraft:custom":{"minecraft:mob_kills":28,"minecraft:interact_with_crafting_table":47,"minecraft:interact_with_campfire":3,"minecraft:bell_ring":1,"minecraft:leave_game":5,"minecraft:time_since_death":26925,"minecraft:climb_one_cm":39,"minecraft:sprint_one_cm":449283,"minecraft:walk_one_cm":207161,"minecraft:damage_blocked_by_shield":320,"minecraft:drop":126,"minecraft:talked_to_villager":1,"minecraft:play_time":130204,"minecraft:deaths":8,"minecraft:sneak_time":11418,"minecraft:walk_under_water_one_cm":51802,"minecraft:boat_one_cm":168715,"minecraft:jump":2365,"minecraft:walk_on_water_one_cm":71808,"minecraft:total_world_time":130204,"minecraft:interact_with_furnace":67,"minecraft:interact_with_grindstone":4,"minecraft:sleep_in_bed":1,"minecraft:time_since_rest":26951,"minecraft:damage_taken":3373,"minecraft:damage_dealt":4988,"minecraft:fly_one_cm":453431,"minecraft:swim_one_cm":123595,"minecraft:player_kills":6,"minecraft:open_chest":69,"minecraft:crouch_one_cm":31891,"minecraft:interact_with_smoker":30,"minecraft:fall_one_cm":52628},"minecraft:mined":{"minecraft:crying_obsidian":3,"minecraft:tuff":1,"minecraft:white_bed":2,"minecraft:cherry_log":1,"minecraft:obsidian":2,"minecraft:grass_block":4,"minecraft:weeping_vines":1,"minecraft:spruce_leaves":9,"minecraft:sandstone":10,"minecraft:spawner":1,"minecraft:large_fern":1,"minecraft:furnace":3,"minecraft:andesite":1,"minecraft:gold_block":1,"minecraft:stone":89,"minecraft:smoker":2,"minecraft:torch":1,"minecraft:crafting_table":6,"minecraft:clay":4,"minecraft:short_grass":9,"minecraft:oak_planks":4,"minecraft:diorite":8,"minecraft:nether_wart_block":13,"minecraft:birch_log":5,"minecraft:sweet_berry_bush":2,"minecraft:sand":56,"minecraft:dirt":105,"minecraft:netherrack":3,"minecraft:oak_leaves":4,"minecraft:deepslate":10}},"DataVersion":3953}