{"stats":{"minecraft:picked_up":{"minecraft:wooden_axe":1,"minecraft:crafting_table":12,"minecraft:wheat":14,"minecraft:chicken":2,"minecraft:clay_ball":16,"minecraft:diamond_sword":9,"minecraft:wooden_pickaxe":1,"minecraft:gold_block":1,"minecraft:crimson_planks":1,"minecraft:brewing_stand":1,"minecraft:shield":6,"minecraft:string":3,"minecraft:iron_axe":1,"minecraft:cooked_salmon":6,"minecraft:iron_shovel":1,"minecraft:birch_fence":2,"minecraft:diamond_leggings":3,"minecraft:cobbled_deepslate":54,"minecraft:spruce_planks":111,"minecraft:beef":29,"minecraft:iron_pickaxe":4,"minecraft:spruce_slab":61,"minecraft:birch_sapling":1,"minecraft:furnace":6,"minecraft:iron_boots":1,"minecraft:golden_helmet":1,"minecraft:stick":56,"minecraft:raw_iron":157,"minecraft:sandstone":10,"minecraft:torch":122,"minecraft:spruce_fence":1,"minecraft:porkchop":20,"minecraft:cherry_log":19,"minecraft:diorite":15,"minecraft:redstone":50,"minecraft:rotten_flesh":18,"minecraft:arrow":14,"minecraft:diamond_chestplate":2,"minecraft:cooked_cod":7,"minecraft:nether_bricks":8,"minecraft:diamond_boots":8,"minecraft:gold_ingot":17,"minecraft:glow_berries":5,"minecraft:mutton":12,"minecraft:obsidian":2,"minecraft:cobblestone":117,"minecraft:white_wool":5,"minecraft:birch_log":43,"minecraft:leather_chestplate":1,"minecraft:feather":2,"minecraft:cooked_beef":15,"minecraft:crimson_stem":101,"minecraft:water_bucket":3,"minecraft:andesite":3,"minecraft:leather":21,"minecraft:cobbled_deepslate_stairs":1,"minecraft:smoker":2,"minecraft:filled_map":1,"minecraft:birch_planks":49,"minecraft:tuff":26,"minecraft:oak_log":61,"minecraft:nether_wart_block":4,"minecraft:gunpowder":3,"minecraft:paper":17,"minecraft:lapis_lazuli":111,"minecraft:dirt":110,"minecraft:blue_bed":1,"minecraft:cooked_mutton":8,"minecraft:bone":17,"minecraft:apple":2,"minecraft:bow":1,"minecraft:wheat_seeds":66,"minecraft:raw_gold":50,"minecraft:iron_ingot":39,"minecraft:grindstone":1,"minecraft:cooked_chicken":3,"minecraft:diamond_helmet":9,"minecraft:glass_bottle":1,"minecraft:iron_sword":3,"minecraft:oak_planks":27,"minecraft:cooked_porkchop":7,"minecraft:sweet_berries":44,"minecraft:birch_fence_gate":2,"minecraft:gravel":19,"minecraft:sand":56,"minecraft:spruce_sapling":43,"minecraft:white_bed":4,"minecraft:spruce_log":410,"minecraft:crying_obsidian":3,"minecraft:spider_eye":1,"minecraft:spruce_door":1,"minecraft:slime_ball":6,"minecraft:diamond":42,"minecraft:stone_axe":2,"minecraft:granite":2,"minecraft:diamond_axe":9,"minecraft:bone_meal":1,"minecraft:gray_wool":1,"minecraft:andesite_slab":2,"minecraft:bread":10,"minecraft:oak_sapling":6,"minecraft:black_wool":1,"minecraft:netherrack":9,"minecraft:coal":208,"minecraft:crimson_roots":1,"minecraft:diamond_pickaxe":3},"minecraft:killed":{"minecraft:spider":2,"minecraft:skeleton":4,"minecraft:chicken":2,"minecraft:drowned":1,"minecraft:pig":12,"minecraft:creeper":1,"minecraft:squid":1,"minecraft:sheep":5,"minecraft:zombie":6,"minecraft:cow":8},"minecraft:dropped":{"minecraft:water_bucket":2,"minecraft:iron_ingot":38,"minecraft:bread":10,"minecraft:iron_sword":2,"minecraft:birch_planks":49,"minecraft:wheat_seeds":3,"minecraft:diamond_axe":8,"minecraft:lapis_lazuli":60,"minecraft:diamond":14,"minecraft:crafting_table":4,"minecraft:diamond_leggings":3,"minecraft:glow_berries":5,"minecraft:cobblestone":11,"minecraft:leather":11,"minecraft:granite":2,"minecraft:coal":9,"minecraft:stick":5,"minecraft:dirt":3,"minecraft:diorite":8,"minecraft:torch":54,"minecraft:large_fern":1,"minecraft:wooden_axe":1,"minecraft:nether_wart_block":1,"minecraft:cooked_cod":4,"minecraft:diamond_helmet":9,"minecraft:iron_axe":1,"minecraft:iron_pickaxe":4,"minecraft:paper":17,"minecraft:string":3,"minecraft:birch_log":6,"minecraft:white_wool":2,"minecraft:spruce_sapling":3,"minecraft:gold_ingot":17,"minecraft:bone":8,"minecraft:redstone":50,"minecraft:stone_axe":2,"minecraft:furnace":3,"minecraft:sweet_berries":37,"minecraft:cobbled_deepslate":18,"minecraft:raw_iron":77,"minecraft:tuff":1,"minecraft:birch_sapling":1,"minecraft:rotten_flesh":16,"minecraft:oak_planks":25,"minecraft:cooked_mutton":2,"minecraft:white_bed":1,"minecraft:filled_map":2,"minecraft:diamond_sword":9,"minecraft:leather_chestplate":1,"minecraft:shield":3,"minecraft:gunpowder":1,"minecraft:diamond_chestplate":2,"minecraft:diamond_pickaxe":2,"minecraft:spider_eye":1,"minecraft:spruce_log":5,"minecraft:wooden_pickaxe":1,"minecraft:slime_ball":6,"minecraft:diamond_boots":8,"minecraft:spruce_slab":7,"minecraft:arrow":10,"minecraft:stone_pickaxe":1,"minecraft:beef":5},"minecraft:killed_by":{"minecraft:player":2,"minecraft:wither_skeleton":1,"minecraft:piglin":1,"minecraft:blaze":2},"minecraft:used":{"minecraft:flint_and_steel":7,"minecraft:iron_shovel":163,"minecraft:spruce_slab":84,"minecraft:chest":3,"minecraft:spruce_planks":292,"minecraft:shield":14,"minecraft:iron_sword":4,"minecraft:cooked_salmon":6,"minecraft:cooked_chicken":5,"minecraft:netherrack":1,"minecraft:torch":169,"minecraft:dirt":42,"minecraft:hopper":2,"minecraft:tuff":25,"minecraft:spruce_fence":42,"minecraft:obsidian":2,"minecraft:wooden_axe":13,"minecraft:lava_bucket":2,"minecraft:iron_axe":49,"minecraft:iron_boots":1,"minecraft:crimson_roots":1,"minecraft:crimson_planks":53,"minecraft:bow":4,"minecraft:furnace":5,"minecraft:cooked_cod":3,"minecraft:cooked_beef":4,"minecraft:cobbled_deepslate":31,"minecraft:cooked_mutton":11,"minecraft:water_bucket":38,"minecraft:diorite":5,"minecraft:spruce_door":9,"minecraft:birch_planks":6,"minecraft:stone_pickaxe":8,"minecraft:wooden_pickaxe":3,"minecraft:birch_boat":1,"minecraft:sandstone":1,"minecraft:spruce_sign":2,"minecraft:diamond_axe":152,"minecraft:blue_bed":1,"minecraft:glow_berries":3,"minecraft:crafting_table":15,"minecraft:white_bed":3,"minecraft:smoker":3,"minecraft:spruce_log":108,"minecraft:birch_fence":2,"minecraft:diamond_pickaxe":143,"minecraft:apple":2,"minecraft:birch_fence_gate":2,"minecraft:bread":3,"minecraft:iron_pickaxe":81,"minecraft:spruce_sapling":33,"minecraft:gravel":1,"minecraft:nether_wart_block":3,"minecraft:diamond_sword":2,"minecraft:potion":1,"minecraft:cobblestone":50,"minecraft:grindstone":1,"minecraft:cooked_porkchop":10,"minecraft:bucket":42,"minecraft:andesite":3,"minecraft:gray_wool":1,"minecraft:bone_meal":7,"minecraft:diamond_leggings":1},"minecraft:crafted":{"minecraft:birch_boat":1,"minecraft:cooked_chicken":2,"minecraft:furnace":3,"minecraft:bone_meal":21,"minecraft:spruce_fence":63,"minecraft:cooked_mutton":6,"minecraft:hopper":2,"minecraft:diamond_helmet":1,"minecraft:diamond_leggings":1,"minecraft:iron_axe":1,"minecraft:spruce_slab":54,"minecraft:stone_pickaxe":1,"minecraft:chest":5,"minecraft:diamond_boots":1,"minecraft:smoker":1,"minecraft:cooked_beef":19,"minecraft:crimson_planks":100,"minecraft:item_frame":10,"minecraft:cooked_porkchop":20,"minecraft:spruce_sign":3,"minecraft:diamond_axe":1,"minecraft:crafting_table":8,"minecraft:spruce_planks":552,"minecraft:wooden_pickaxe":1,"minecraft:spruce_door":9,"minecraft:bucket":3,"minecraft:birch_planks":68,"minecraft:air":0,"minecraft:iron_chestplate":1,"minecraft:diamond_pickaxe":2,"minecraft:charcoal":9,"minecraft:shield":1,"minecraft:stick":240,"minecraft:iron_pickaxe":1,"minecraft:iron_ingot":63,"minecraft:wooden_axe":1,"minecraft:iron_shovel":1,"minecraft:gold_ingot":25,"minecraft:torch":100,"minecraft:diamond_chestplate":1},"minecraft:custom":{"minecraft:mob_kills":42,"minecraft:inspect_hopper":22,"minecraft:interact_with_crafting_table":65,"minecraft:interact_with_campfire":8,"minecraft:bell_ring":1,"minecraft:leave_game":16,"minecraft:time_since_death":140481,"minecraft:climb_one_cm":338,"minecraft:sprint_one_cm":738870,"minecraft:walk_one_cm":460530,"minecraft:damage_blocked_by_shield":409,"minecraft:drop":131,"minecraft:talked_to_villager":1,"minecraft:play_time":243760,"minecraft:deaths":8,"minecraft:sneak_time":20673,"minecraft:walk_under_water_one_cm":82431,"minecraft:boat_one_cm":168715,"minecraft:jump":3629,"minecraft:walk_on_water_one_cm":109416,"minecraft:total_world_time":243760,"minecraft:interact_with_furnace":104,"minecraft:interact_with_grindstone":7,"minecraft:sleep_in_bed":4,"minecraft:time_since_rest":27393,"minecraft:damage_taken":4032,"minecraft:damage_dealt":6520,"minecraft:swim_one_cm":134382,"minecraft:fly_one_cm":650102,"minecraft:player_kills":6,"minecraft:open_chest":157,"minecraft:crouch_one_cm":69275,"minecraft:interact_with_smoker":48,"minecraft:fall_one_cm":75691},"minecraft:mined":{"minecraft:crying_obsidian":3,"minecraft:tuff":28,"minecraft:spruce_planks":13,"minecraft:white_bed":3,"minecraft:cobbled_deepslate_stairs":1,"minecraft:cherry_log":1,"minecraft:birch_fence_gate":2,"minecraft:brewing_stand":1,"minecraft:obsidian":2,"minecraft:nether_bricks":8,"minecraft:grass_block":5,"minecraft:spruce_fence":1,"minecraft:weeping_vines":1,"minecraft:spruce_leaves":16,"minecraft:sandstone":10,"minecraft:spawner":1,"minecraft:large_fern":1,"minecraft:furnace":3,"minecraft:andesite":3,"minecraft:gold_block":1,"minecraft:dirt_path":2,"minecraft:stone":106,"minecraft:spruce_slab":39,"minecraft:crimson_nylium":3,"minecraft:smoker":2,"minecraft:crafting_table":7,"minecraft:clay":4,"minecraft:torch":5,"minecraft:short_grass":9,"minecraft:andesite_slab":2,"minecraft:cobblestone":1,"minecraft:oak_planks":4,"minecraft:diorite":12,"minecraft:wall_torch":2,"minecraft:wheat":1,"minecraft:nether_wart_block":13,"minecraft:birch_log":5,"minecraft:sweet_berry_bush":2,"minecraft:spruce_log":5,"minecraft:gravel":10,"minecraft:sand":56,"minecraft:dirt":106,"minecraft:crimson_planks":1,"minecraft:birch_fence":2,"minecraft:netherrack":6,"minecraft:oak_leaves":4,"minecraft:deepslate":33}},"DataVersion":3953}