{"stats":{"minecraft:picked_up":{"minecraft:wooden_axe":2,"minecraft:crafting_table":1,"minecraft:raw_iron":4,"minecraft:chest_minecart":2,"minecraft:oak_log":6,"minecraft:redstone":8,"minecraft:dirt":1,"minecraft:pumpkin_seeds":2,"minecraft:rotten_flesh":1,"minecraft:detector_rail":2,"minecraft:oak_planks":18,"minecraft:coal":5,"minecraft:rail":20,"minecraft:cobblestone":16},"minecraft:killed":{"minecraft:skeleton":1,"minecraft:zombie":1},"minecraft:dropped":{"minecraft:wooden_axe":3,"minecraft:wooden_pickaxe":1},"minecraft:used":{"minecraft:wooden_axe":2,"minecraft:stone_pickaxe":16,"minecraft:wooden_pickaxe":16,"minecraft:stone_axe":4,"minecraft:torch":10,"minecraft:crafting_table":1,"minecraft:furnace":1},"minecraft:crafted":{"minecraft:oak_planks":24,"minecraft:crafting_table":1,"minecraft:stick":12,"minecraft:wooden_pickaxe":1,"minecraft:stone_pickaxe":1,"minecraft:wooden_axe":1,"minecraft:furnace":1,"minecraft:torch":16,"minecraft:stone_axe":1},"minecraft:custom":{"minecraft:time_since_rest":7512,"minecraft:sprint_one_cm":16850,"minecraft:damage_taken":175,"minecraft:walk_one_cm":22204,"minecraft:mob_kills":2,"minecraft:drop":4,"minecraft:damage_dealt":315,"minecraft:swim_one_cm":2293,"minecraft:interact_with_crafting_table":5,"minecraft:fly_one_cm":5502,"minecraft:crouch_one_cm":224,"minecraft:play_time":7512,"minecraft:sneak_time":232,"minecraft:walk_under_water_one_cm":761,"minecraft:jump":70,"minecraft:leave_game":1,"minecraft:time_since_death":7512,"minecraft:walk_on_water_one_cm":5258,"minecraft:total_world_time":7512,"minecraft:fall_one_cm":1972},"minecraft:mined":{"minecraft:crafting_table":1,"minecraft:oak_log":6,"minecraft:grass_block":1,"minecraft:rail":16,"minecraft:stone":16}},"DataVersion":3953}