{"stats":{"minecraft:picked_up":{"minecraft:wooden_axe":2,"minecraft:birch_log":5,"minecraft:crafting_table":3,"minecraft:clock":1,"minecraft:chicken":1,"minecraft:glow_ink_sac":3,"minecraft:chest_minecart":2,"minecraft:birch_planks":1,"minecraft:gold_block":1,"minecraft:oak_log":15,"minecraft:dirt":5,"minecraft:bone":2,"minecraft:detector_rail":2,"minecraft:cobbled_deepslate":2,"minecraft:raw_gold":4,"minecraft:iron_pickaxe":1,"minecraft:sugar_cane":4,"minecraft:chest":2,"minecraft:oak_planks":18,"minecraft:furnace":1,"minecraft:raw_iron":4,"minecraft:stick":2,"minecraft:birch_boat":1,"minecraft:torch":1,"minecraft:redstone":17,"minecraft:pumpkin_seeds":2,"minecraft:arrow":2,"minecraft:rotten_flesh":2,"minecraft:diamond":4,"minecraft:cherry_sapling":1,"minecraft:oak_sapling":5,"minecraft:mutton":5,"minecraft:white_wool":3,"minecraft:coal":5,"minecraft:cod":8,"minecraft:rail":57,"minecraft:cobblestone":36},"minecraft:killed":{"minecraft:cod":8,"minecraft:sheep":3,"minecraft:skeleton":1,"minecraft:zombie":2,"minecraft:chicken":1,"minecraft:drowned":2},"minecraft:dropped":{"minecraft:birch_planks":2,"minecraft:cobbled_deepslate":2,"minecraft:raw_iron":4,"minecraft:rotten_flesh":1,"minecraft:stick":7,"minecraft:torch":1,"minecraft:wooden_axe":3,"minecraft:arrow":2,"minecraft:wooden_pickaxe":1,"minecraft:bone":2},"minecraft:used":{"minecraft:stone_pickaxe":73,"minecraft:wooden_pickaxe":16,"minecraft:birch_boat":1,"minecraft:cooked_chicken":1,"minecraft:rotten_flesh":1,"minecraft:torch":20,"minecraft:dirt":5,"minecraft:crafting_table":3,"minecraft:wooden_axe":2,"minecraft:iron_pickaxe":4,"minecraft:stone_axe":41,"minecraft:furnace":2,"minecraft:cooked_cod":7},"minecraft:crafted":{"minecraft:cooked_cod":8,"minecraft:oak_planks":24,"minecraft:crafting_table":1,"minecraft:wooden_pickaxe":1,"minecraft:birch_boat":1,"minecraft:cooked_chicken":1,"minecraft:furnace":2,"minecraft:birch_planks":8,"minecraft:stone_axe":1,"minecraft:air":0,"minecraft:charcoal":9,"minecraft:stick":20,"minecraft:stone_pickaxe":1,"minecraft:wooden_axe":1,"minecraft:torch":20},"minecraft:custom":{"minecraft:interact_with_furnace":11,"minecraft:mob_kills":17,"minecraft:interact_with_crafting_table":10,"minecraft:leave_game":1,"minecraft:time_since_death":37512,"minecraft:time_since_rest":37512,"minecraft:sprint_one_cm":96684,"minecraft:damage_taken":355,"minecraft:walk_one_cm":66320,"minecraft:drop":15,"minecraft:damage_dealt":1361,"minecraft:swim_one_cm":65542,"minecraft:fly_one_cm":105065,"minecraft:open_chest":3,"minecraft:crouch_one_cm":1093,"minecraft:play_time":37512,"minecraft:sneak_time":1348,"minecraft:walk_under_water_one_cm":26323,"minecraft:boat_one_cm":91061,"minecraft:jump":549,"minecraft:walk_on_water_one_cm":26062,"minecraft:total_world_time":37512,"minecraft:fall_one_cm":17109},"minecraft:mined":{"minecraft:deepslate_diamond_ore":2,"minecraft:crafting_table":3,"minecraft:grass_block":1,"minecraft:chest":2,"minecraft:sugar_cane":2,"minecraft:furnace":1,"minecraft:birch_log":5,"minecraft:gold_block":1,"minecraft:oak_log":15,"minecraft:rail":53,"minecraft:cherry_leaves":4,"minecraft:dirt":4,"minecraft:stone":36,"minecraft:oak_leaves":5}},"DataVersion":3953}