{"stats":{"minecraft:picked_up":{"minecraft:wooden_axe":2,"minecraft:birch_log":5,"minecraft:wheat":11,"minecraft:crafting_table":5,"minecraft:clock":1,"minecraft:chicken":1,"minecraft:glow_ink_sac":6,"minecraft:chest_minecart":2,"minecraft:birch_planks":2,"minecraft:gold_block":1,"minecraft:oak_log":17,"minecraft:dirt":6,"minecraft:raw_copper":7,"minecraft:bone":2,"minecraft:kelp":2,"minecraft:wheat_seeds":29,"minecraft:detector_rail":2,"minecraft:cobbled_deepslate":2,"minecraft:raw_gold":4,"minecraft:iron_pickaxe":1,"minecraft:glowstone_dust":1,"minecraft:sugar_cane":12,"minecraft:chest":6,"minecraft:oak_planks":18,"minecraft:furnace":2,"minecraft:raw_iron":4,"minecraft:stick":4,"minecraft:oak_door":3,"minecraft:birch_boat":6,"minecraft:sweet_berries":11,"minecraft:torch":2,"minecraft:spruce_stairs":2,"minecraft:gravel":2,"minecraft:white_bed":4,"minecraft:redstone":23,"minecraft:pumpkin_seeds":2,"minecraft:arrow":2,"minecraft:rotten_flesh":5,"minecraft:diamond":4,"minecraft:cherry_sapling":1,"minecraft:oak_sapling":7,"minecraft:mutton":5,"minecraft:white_wool":3,"minecraft:coal":18,"minecraft:cod":8,"minecraft:rail":57,"minecraft:cobblestone":45},"minecraft:killed":{"minecraft:witch":1,"minecraft:cod":8,"minecraft:sheep":3,"minecraft:skeleton":1,"minecraft:zombie":2,"minecraft:chicken":1,"minecraft:drowned":4},"minecraft:dropped":{"minecraft:gravel":2,"minecraft:kelp":2,"minecraft:birch_planks":4,"minecraft:wheat_seeds":10,"minecraft:glow_ink_sac":6,"minecraft:cobbled_deepslate":2,"minecraft:bowl":2,"minecraft:raw_iron":4,"minecraft:rotten_flesh":4,"minecraft:oak_planks":2,"minecraft:chest_minecart":1,"minecraft:glowstone_dust":1,"minecraft:stick":9,"minecraft:filled_map":1,"minecraft:torch":1,"minecraft:wooden_axe":3,"minecraft:arrow":2,"minecraft:stone_pickaxe":1,"minecraft:wooden_pickaxe":1,"minecraft:birch_log":1,"minecraft:bone":2},"minecraft:used":{"minecraft:wheat_seeds":14,"minecraft:cherry_sapling":1,"minecraft:stone_pickaxe":74,"minecraft:chest":6,"minecraft:leather_chestplate":1,"minecraft:wooden_pickaxe":16,"minecraft:birch_boat":6,"minecraft:sugar_cane":12,"minecraft:cooked_salmon":3,"minecraft:cooked_chicken":1,"minecraft:rotten_flesh":1,"minecraft:oak_door":3,"minecraft:torch":21,"minecraft:dirt":6,"minecraft:crafting_table":6,"minecraft:white_bed":5,"minecraft:wooden_axe":2,"minecraft:suspicious_stew":2,"minecraft:iron_pickaxe":14,"minecraft:stone_axe":64,"minecraft:furnace":3,"minecraft:cooked_cod":10},"minecraft:crafted":{"minecraft:oak_door":3,"minecraft:cooked_cod":8,"minecraft:oak_planks":32,"minecraft:crafting_table":1,"minecraft:wooden_pickaxe":1,"minecraft:birch_boat":1,"minecraft:cooked_chicken":1,"minecraft:furnace":2,"minecraft:birch_planks":12,"minecraft:stone_axe":1,"minecraft:air":0,"minecraft:charcoal":9,"minecraft:shield":1,"minecraft:stick":20,"minecraft:iron_ingot":1,"minecraft:stone_pickaxe":1,"minecraft:wooden_axe":1,"minecraft:gold_ingot":13,"minecraft:white_bed":1,"minecraft:torch":20},"minecraft:custom":{"minecraft:interact_with_furnace":15,"minecraft:mob_kills":20,"minecraft:interact_with_crafting_table":15,"minecraft:leave_game":1,"minecraft:time_since_death":73512,"minecraft:sleep_in_bed":2,"minecraft:time_since_rest":30407,"minecraft:sprint_one_cm":219863,"minecraft:damage_taken":575,"minecraft:walk_one_cm":97504,"minecraft:drop":33,"minecraft:damage_dealt":2111,"minecraft:swim_one_cm":160503,"minecraft:fly_one_cm":214960,"minecraft:open_chest":15,"minecraft:crouch_one_cm":1925,"minecraft:play_time":73512,"minecraft:sneak_time":2345,"minecraft:walk_under_water_one_cm":37604,"minecraft:boat_one_cm":384498,"minecraft:jump":1074,"minecraft:walk_on_water_one_cm":42843,"minecraft:total_world_time":73512,"minecraft:fall_one_cm":31107},"minecraft:mined":{"minecraft:white_bed":4,"minecraft:deepslate_diamond_ore":2,"minecraft:oak_door":2,"minecraft:crafting_table":5,"minecraft:grass_block":2,"minecraft:chest":6,"minecraft:sugar_cane":8,"minecraft:wall_torch":1,"minecraft:spruce_stairs":2,"minecraft:furnace":2,"minecraft:wheat":12,"minecraft:sweet_berry_bush":4,"minecraft:birch_log":5,"minecraft:bee_nest":1,"minecraft:gold_block":1,"minecraft:oak_log":17,"minecraft:rail":53,"minecraft:cherry_leaves":4,"minecraft:gravel":1,"minecraft:dirt":4,"minecraft:stone":45,"minecraft:oak_leaves":9,"minecraft:suspicious_gravel":1}},"DataVersion":3953}