{"stats":{"minecraft:picked_up":{"minecraft:birch_log":41,"minecraft:crafting_table":7,"minecraft:wheat":7,"minecraft:chicken":2,"minecraft:andesite":54,"minecraft:oak_log":150,"minecraft:cobbled_deepslate_stairs":2,"minecraft:lapis_lazuli":30,"minecraft:dirt":168,"minecraft:raw_copper":310,"minecraft:bone":6,"minecraft:apple":5,"minecraft:bow":1,"minecraft:wheat_seeds":41,"minecraft:cobbled_deepslate":461,"minecraft:raw_gold":1,"minecraft:cooked_chicken":1,"minecraft:birch_sapling":11,"minecraft:furnace":2,"minecraft:stick":51,"minecraft:raw_iron":75,"minecraft:torch":23,"minecraft:gravel":17,"minecraft:porkchop":17,"minecraft:diorite":16,"minecraft:spider_eye":1,"minecraft:arrow":5,"minecraft:rotten_flesh":6,"minecraft:diamond":8,"minecraft:granite":2,"minecraft:oak_sapling":59,"minecraft:coal":269,"minecraft:cobblestone":415},"minecraft:killed":{"minecraft:pig":11,"minecraft:spider":1,"minecraft:creeper":1,"minecraft:skeleton":5,"minecraft:zombie":9,"minecraft:chicken":2},"minecraft:dropped":{"minecraft:cobbled_deepslate":68,"minecraft:raw_copper":310,"minecraft:birch_sapling":1,"minecraft:cobblestone":38,"minecraft:spider_eye":1},"minecraft:broken":{"minecraft:stone_pickaxe":1,"minecraft:iron_pickaxe":3,"minecraft:wooden_pickaxe":1},"minecraft:used":{"minecraft:wheat_seeds":41,"minecraft:water_bucket":3,"minecraft:diorite":5,"minecraft:iron_shovel":87,"minecraft:stone_pickaxe":178,"minecraft:andesite_slab":1,"minecraft:chest":1,"minecraft:wooden_pickaxe":59,"minecraft:shield":10,"minecraft:iron_sword":78,"minecraft:cooked_chicken":2,"minecraft:rotten_flesh":7,"minecraft:torch":104,"minecraft:dirt":99,"minecraft:crafting_table":7,"minecraft:cobbled_deepslate_stairs":108,"minecraft:iron_hoe":80,"minecraft:wooden_axe":2,"minecraft:apple":1,"minecraft:birch_sapling":10,"minecraft:iron_axe":14,"minecraft:iron_pickaxe":691,"minecraft:cobblestone":42,"minecraft:oak_sapling":10,"minecraft:furnace":4,"minecraft:cooked_porkchop":6,"minecraft:bucket":5,"minecraft:cobbled_deepslate":7,"minecraft:bone_meal":18},"minecraft:crafted":{"minecraft:oak_planks":8,"minecraft:cooked_porkchop":17,"minecraft:crafting_table":1,"minecraft:wooden_pickaxe":1,"minecraft:cooked_chicken":1,"minecraft:iron_sword":1,"minecraft:furnace":2,"minecraft:bone_meal":18,"minecraft:bucket":2,"minecraft:birch_planks":44,"minecraft:air":0,"minecraft:iron_chestplate":1,"minecraft:shield":1,"minecraft:iron_axe":1,"minecraft:iron_hoe":1,"minecraft:stick":32,"minecraft:andesite_slab":6,"minecraft:iron_ingot":73,"minecraft:iron_pickaxe":4,"minecraft:stone_pickaxe":3,"minecraft:wooden_axe":1,"minecraft:chest":1,"minecraft:cobbled_deepslate_stairs":120,"minecraft:iron_shovel":1,"minecraft:iron_leggings":1,"minecraft:torch":96,"minecraft:diamond_chestplate":1},"minecraft:custom":{"minecraft:interact_with_furnace":39,"minecraft:mob_kills":30,"minecraft:interact_with_crafting_table":34,"minecraft:leave_game":1,"minecraft:time_since_death":91478,"minecraft:time_since_rest":91478,"minecraft:sprint_one_cm":172842,"minecraft:damage_taken":559,"minecraft:walk_one_cm":338306,"minecraft:damage_blocked_by_shield":300,"minecraft:drop":11,"minecraft:damage_dealt":4595,"minecraft:swim_one_cm":3205,"minecraft:fly_one_cm":113521,"minecraft:open_chest":16,"minecraft:crouch_one_cm":84001,"minecraft:play_time":91478,"minecraft:sneak_time":23429,"minecraft:walk_under_water_one_cm":2926,"minecraft:jump":1616,"minecraft:walk_on_water_one_cm":9727,"minecraft:total_world_time":91478,"minecraft:fall_one_cm":22934},"minecraft:mined":{"minecraft:cobbled_deepslate_stairs":2,"minecraft:crafting_table":7,"minecraft:torch":11,"minecraft:granite":3,"minecraft:short_grass":189,"minecraft:grass_block":69,"minecraft:cobblestone":34,"minecraft:spruce_leaves":1,"minecraft:diorite":16,"minecraft:wall_torch":11,"minecraft:spawner":1,"minecraft:large_fern":1,"minecraft:furnace":2,"minecraft:wheat":8,"minecraft:birch_log":4,"minecraft:iron_ore":1,"minecraft:cobbled_deepslate":2,"minecraft:andesite":54,"minecraft:birch_leaves":10,"minecraft:coal_ore":3,"minecraft:gravel":3,"minecraft:dirt":80,"minecraft:stone":374,"minecraft:oak_leaves":12,"minecraft:deepslate":417}},"DataVersion":3953}