{"stats":{"minecraft:picked_up":{"minecraft:birch_log":41,"minecraft:crafting_table":8,"minecraft:wheat":9,"minecraft:chicken":2,"minecraft:andesite":54,"minecraft:oak_log":150,"minecraft:cobbled_deepslate_stairs":2,"minecraft:gunpowder":5,"minecraft:lapis_lazuli":30,"minecraft:dirt":168,"minecraft:raw_copper":310,"minecraft:bone":10,"minecraft:birch_fence":1,"minecraft:apple":5,"minecraft:bow":1,"minecraft:wheat_seeds":41,"minecraft:cobbled_deepslate":518,"minecraft:raw_gold":4,"minecraft:cooked_chicken":1,"minecraft:chest":5,"minecraft:birch_sapling":11,"minecraft:furnace":2,"minecraft:stick":51,"minecraft:raw_iron":91,"minecraft:torch":25,"minecraft:gravel":17,"minecraft:porkchop":21,"minecraft:diorite":16,"minecraft:redstone":4,"minecraft:spider_eye":1,"minecraft:arrow":8,"minecraft:rotten_flesh":41,"minecraft:diamond":24,"minecraft:granite":2,"minecraft:oak_sapling":59,"minecraft:coal":269,"minecraft:melon_seeds":1,"minecraft:mutton":1,"minecraft:white_wool":1,"minecraft:cobblestone":418},"minecraft:killed":{"minecraft:pig":13,"minecraft:spider":2,"minecraft:creeper":1,"minecraft:skeleton":8,"minecraft:sheep":1,"minecraft:zombie":11,"minecraft:chicken":2},"minecraft:dropped":{"minecraft:cobbled_deepslate":132,"minecraft:raw_copper":310,"minecraft:birch_sapling":1,"minecraft:cobblestone":38,"minecraft:gunpowder":5,"minecraft:melon_seeds":1,"minecraft:spider_eye":1,"minecraft:redstone":4},"minecraft:broken":{"minecraft:stone_pickaxe":1,"minecraft:iron_pickaxe":4,"minecraft:wooden_pickaxe":1},"minecraft:used":{"minecraft:wheat_seeds":41,"minecraft:water_bucket":5,"minecraft:diorite":5,"minecraft:iron_shovel":87,"minecraft:stone_pickaxe":178,"minecraft:andesite_slab":1,"minecraft:wooden_pickaxe":59,"minecraft:chest":4,"minecraft:shield":25,"minecraft:iron_sword":116,"minecraft:cooked_chicken":2,"minecraft:rotten_flesh":7,"minecraft:torch":176,"minecraft:dirt":99,"minecraft:crafting_table":8,"minecraft:cobbled_deepslate_stairs":110,"minecraft:birch_fence":3,"minecraft:iron_hoe":80,"minecraft:wooden_axe":2,"minecraft:apple":1,"minecraft:lava_bucket":3,"minecraft:birch_fence_gate":2,"minecraft:birch_sapling":10,"minecraft:iron_axe":17,"minecraft:iron_pickaxe":797,"minecraft:cobblestone":51,"minecraft:oak_sapling":10,"minecraft:furnace":4,"minecraft:cooked_porkchop":9,"minecraft:bucket":11,"minecraft:bone_meal":18,"minecraft:cobbled_deepslate":7},"minecraft:crafted":{"minecraft:oak_planks":8,"minecraft:cooked_porkchop":21,"minecraft:crafting_table":1,"minecraft:wooden_pickaxe":1,"minecraft:cooked_chicken":1,"minecraft:iron_sword":1,"minecraft:furnace":2,"minecraft:bone_meal":18,"minecraft:bucket":3,"minecraft:birch_planks":44,"minecraft:cooked_mutton":1,"minecraft:air":0,"minecraft:iron_chestplate":1,"minecraft:shield":1,"minecraft:iron_axe":1,"minecraft:birch_fence":3,"minecraft:iron_hoe":1,"minecraft:birch_fence_gate":2,"minecraft:stick":40,"minecraft:andesite_slab":6,"minecraft:iron_ingot":75,"minecraft:iron_pickaxe":6,"minecraft:stone_pickaxe":3,"minecraft:wooden_axe":1,"minecraft:chest":1,"minecraft:iron_shovel":1,"minecraft:iron_leggings":1,"minecraft:cobbled_deepslate_stairs":120,"minecraft:torch":208,"minecraft:diamond_chestplate":1},"minecraft:custom":{"minecraft:interact_with_furnace":48,"minecraft:mob_kills":39,"minecraft:animals_bred":2,"minecraft:interact_with_crafting_table":44,"minecraft:leave_game":2,"minecraft:time_since_death":126908,"minecraft:time_since_rest":126908,"minecraft:sprint_one_cm":262780,"minecraft:damage_taken":674,"minecraft:walk_one_cm":446543,"minecraft:damage_blocked_by_shield":785,"minecraft:drop":15,"minecraft:damage_dealt":6053,"minecraft:swim_one_cm":3205,"minecraft:fly_one_cm":166627,"minecraft:open_chest":37,"minecraft:crouch_one_cm":100221,"minecraft:play_time":126908,"minecraft:sneak_time":27403,"minecraft:walk_under_water_one_cm":3330,"minecraft:jump":2120,"minecraft:walk_on_water_one_cm":11985,"minecraft:total_world_time":126908,"minecraft:fall_one_cm":32560},"minecraft:mined":{"minecraft:tuff":16,"minecraft:cobbled_deepslate_stairs":2,"minecraft:crafting_table":8,"minecraft:torch":11,"minecraft:granite":3,"minecraft:short_grass":189,"minecraft:grass_block":69,"minecraft:chest":5,"minecraft:cobblestone":39,"minecraft:spruce_leaves":1,"minecraft:diorite":16,"minecraft:wall_torch":11,"minecraft:spawner":3,"minecraft:large_fern":1,"minecraft:furnace":2,"minecraft:wheat":8,"minecraft:birch_log":4,"minecraft:iron_ore":1,"minecraft:cobbled_deepslate":2,"minecraft:birch_leaves":10,"minecraft:andesite":54,"minecraft:coal_ore":3,"minecraft:gravel":3,"minecraft:dirt":80,"minecraft:stone":374,"minecraft:oak_leaves":12,"minecraft:birch_fence":1,"minecraft:deepslate":500}},"DataVersion":3953}