{"stats":{"minecraft:picked_up":{"minecraft:crafting_table":9,"minecraft:wheat":120,"minecraft:chicken":2,"minecraft:string":121,"minecraft:raw_copper":364,"minecraft:birch_fence":2,"minecraft:cobbled_deepslate":783,"minecraft:chest":11,"minecraft:birch_sapling":11,"minecraft:furnace":2,"minecraft:raw_iron":138,"minecraft:stick":51,"minecraft:torch":33,"minecraft:porkchop":21,"minecraft:pointed_dripstone":5,"minecraft:diorite":27,"minecraft:redstone":8,"minecraft:arrow":27,"minecraft:rotten_flesh":60,"minecraft:beetroot_seeds":4,"minecraft:saddle":1,"minecraft:mutton":4,"minecraft:white_wool":5,"minecraft:cobblestone":558,"minecraft:birch_log":97,"minecraft:andesite":54,"minecraft:tuff":6,"minecraft:oak_log":150,"minecraft:cobbled_deepslate_stairs":2,"minecraft:gunpowder":23,"minecraft:lapis_lazuli":82,"minecraft:dirt":168,"minecraft:bone":28,"minecraft:apple":5,"minecraft:bow":4,"minecraft:wheat_seeds":341,"minecraft:raw_gold":51,"minecraft:cooked_chicken":1,"minecraft:oak_planks":1,"minecraft:gravel":17,"minecraft:spider_eye":2,"minecraft:pumpkin_seeds":3,"minecraft:sugar":1,"minecraft:diamond":107,"minecraft:granite":2,"minecraft:emerald":1,"minecraft:oak_sapling":143,"minecraft:melon_seeds":1,"minecraft:coal":293,"minecraft:andesite_slab":5,"minecraft:ender_pearl":2},"minecraft:killed":{"minecraft:cave_spider":5,"minecraft:witch":1,"minecraft:spider":6,"minecraft:skeleton":24,"minecraft:chicken":2,"minecraft:pig":13,"minecraft:zombie_villager":1,"minecraft:creeper":3,"minecraft:sheep":3,"minecraft:zombie":18,"minecraft:enderman":2},"minecraft:dropped":{"minecraft:cobblestone":100,"minecraft:string":47,"minecraft:birch_log":26,"minecraft:white_wool":1,"minecraft:redstone":4,"minecraft:cobbled_deepslate":183,"minecraft:raw_copper":310,"minecraft:birch_sapling":1,"minecraft:pointed_dripstone":4,"minecraft:rotten_flesh":52,"minecraft:pumpkin_seeds":3,"minecraft:gunpowder":18,"minecraft:melon_seeds":1,"minecraft:oak_sapling":35,"minecraft:spider_eye":2,"minecraft:bow":2},"minecraft:broken":{"minecraft:wooden_pickaxe":1,"minecraft:stone_pickaxe":1,"minecraft:iron_sword":1,"minecraft:iron_pickaxe":5},"minecraft:used":{"minecraft:iron_shovel":87,"minecraft:chest":14,"minecraft:shield":38,"minecraft:iron_sword":224,"minecraft:cooked_chicken":2,"minecraft:rotten_flesh":7,"minecraft:torch":420,"minecraft:dirt":99,"minecraft:iron_hoe":80,"minecraft:wooden_axe":2,"minecraft:lava_bucket":6,"minecraft:iron_axe":23,"minecraft:birch_sapling":10,"minecraft:bow":15,"minecraft:furnace":4,"minecraft:oak_sapling":10,"minecraft:cobbled_deepslate":117,"minecraft:wheat_seeds":203,"minecraft:cooked_mutton":4,"minecraft:water_bucket":14,"minecraft:diorite":5,"minecraft:stone_pickaxe":178,"minecraft:andesite_slab":1,"minecraft:wooden_pickaxe":59,"minecraft:crafting_table":9,"minecraft:white_bed":1,"minecraft:cobbled_deepslate_stairs":110,"minecraft:birch_fence":3,"minecraft:diamond_pickaxe":1,"minecraft:apple":1,"minecraft:birch_fence_gate":2,"minecraft:bread":1,"minecraft:iron_pickaxe":930,"minecraft:diamond_sword":89,"minecraft:cobblestone":123,"minecraft:cooked_porkchop":21,"minecraft:bucket":23,"minecraft:bone_meal":102},"minecraft:crafted":{"minecraft:oak_planks":88,"minecraft:cooked_chicken":1,"minecraft:furnace":2,"minecraft:bone_meal":102,"minecraft:cooked_mutton":4,"minecraft:diamond_helmet":1,"minecraft:diamond_leggings":1,"minecraft:iron_axe":1,"minecraft:iron_hoe":1,"minecraft:birch_fence_gate":2,"minecraft:stone_pickaxe":3,"minecraft:chest":3,"minecraft:diamond_boots":1,"minecraft:cobbled_deepslate_stairs":120,"minecraft:diamond_sword":1,"minecraft:cooked_porkchop":21,"minecraft:crafting_table":1,"minecraft:wooden_pickaxe":1,"minecraft:iron_sword":1,"minecraft:bucket":3,"minecraft:birch_planks":44,"minecraft:air":0,"minecraft:iron_chestplate":1,"minecraft:diamond_pickaxe":1,"minecraft:golden_apple":4,"minecraft:shield":1,"minecraft:birch_fence":3,"minecraft:stick":132,"minecraft:andesite_slab":6,"minecraft:iron_ingot":134,"minecraft:iron_pickaxe":7,"minecraft:wooden_axe":1,"minecraft:gold_ingot":43,"minecraft:iron_shovel":1,"minecraft:iron_leggings":1,"minecraft:white_bed":1,"minecraft:torch":556,"minecraft:diamond_chestplate":1},"minecraft:custom":{"minecraft:mob_kills":79,"minecraft:animals_bred":6,"minecraft:interact_with_crafting_table":54,"minecraft:leave_game":2,"minecraft:time_since_death":210908,"minecraft:sprint_one_cm":615122,"minecraft:walk_one_cm":691380,"minecraft:damage_blocked_by_shield":1127,"minecraft:drop":35,"minecraft:play_time":210908,"minecraft:sneak_time":38957,"minecraft:walk_under_water_one_cm":5349,"minecraft:jump":3811,"minecraft:walk_on_water_one_cm":28283,"minecraft:total_world_time":210908,"minecraft:interact_with_furnace":69,"minecraft:time_since_rest":210908,"minecraft:damage_taken":1492,"minecraft:damage_dealt":12819,"minecraft:swim_one_cm":3205,"minecraft:fly_one_cm":324280,"minecraft:open_chest":101,"minecraft:crouch_one_cm":131216,"minecraft:fall_one_cm":64450},"minecraft:mined":{"minecraft:tuff":23,"minecraft:deepslate_diamond_ore":1,"minecraft:cobbled_deepslate_stairs":2,"minecraft:granite":3,"minecraft:grass_block":69,"minecraft:spruce_leaves":1,"minecraft:spawner":10,"minecraft:large_fern":1,"minecraft:furnace":2,"minecraft:iron_ore":1,"minecraft:cobbled_deepslate":4,"minecraft:andesite":54,"minecraft:pointed_dripstone":1,"minecraft:rail":1,"minecraft:stone":389,"minecraft:crafting_table":9,"minecraft:torch":15,"minecraft:short_grass":189,"minecraft:chest":11,"minecraft:cobblestone":42,"minecraft:diorite":16,"minecraft:wall_torch":13,"minecraft:birch_log":4,"minecraft:wheat":123,"minecraft:birch_leaves":10,"minecraft:coal_ore":3,"minecraft:gravel":6,"minecraft:dirt":80,"minecraft:cobweb":52,"minecraft:deepslate":595,"minecraft:oak_leaves":12,"minecraft:birch_fence":1}},"DataVersion":3953}