{"stats":{"minecraft:picked_up":{"minecraft:crafting_table":13,"minecraft:wheat":241,"minecraft:chicken":2,"minecraft:diamond_sword":1,"minecraft:potion":61,"minecraft:brewing_stand":1,"minecraft:string":127,"minecraft:raw_copper":364,"minecraft:white_carpet":1,"minecraft:iron_shovel":2,"minecraft:birch_fence":2,"minecraft:gold_nugget":27,"minecraft:cobbled_deepslate":1205,"minecraft:sugar_cane":12,"minecraft:chest":11,"minecraft:birch_sapling":11,"minecraft:furnace":2,"minecraft:stick":51,"minecraft:raw_iron":138,"minecraft:torch":73,"minecraft:porkchop":21,"minecraft:pointed_dripstone":5,"minecraft:diorite":29,"minecraft:redstone":8,"minecraft:arrow":34,"minecraft:rotten_flesh":63,"minecraft:beetroot_seeds":4,"minecraft:nether_bricks":31,"minecraft:saddle":1,"minecraft:blaze_rod":4,"minecraft:obsidian":15,"minecraft:mutton":9,"minecraft:white_wool":15,"minecraft:cobblestone":616,"minecraft:birch_log":97,"minecraft:andesite":54,"minecraft:brown_wool":4,"minecraft:flint":3,"minecraft:tuff":11,"minecraft:oak_log":150,"minecraft:cobbled_deepslate_stairs":2,"minecraft:gunpowder":27,"minecraft:lapis_lazuli":82,"minecraft:dirt":222,"minecraft:glass":1,"minecraft:bone":36,"minecraft:apple":5,"minecraft:bow":4,"minecraft:wheat_seeds":713,"minecraft:raw_gold":63,"minecraft:cooked_chicken":1,"minecraft:oak_planks":1,"minecraft:cooked_porkchop":16,"minecraft:sweet_berries":46,"minecraft:quartz":31,"minecraft:sand":78,"minecraft:gravel":162,"minecraft:spider_eye":3,"minecraft:pumpkin_seeds":3,"minecraft:sugar":1,"minecraft:diamond":114,"minecraft:granite":2,"minecraft:emerald":1,"minecraft:netherrack":187,"minecraft:andesite_slab":5,"minecraft:oak_sapling":143,"minecraft:melon_seeds":1,"minecraft:coal":293,"minecraft:crimson_roots":3,"minecraft:ender_pearl":2},"minecraft:killed":{"minecraft:cave_spider":5,"minecraft:witch":1,"minecraft:spider":9,"minecraft:skeleton":28,"minecraft:chicken":2,"minecraft:pig":13,"minecraft:zombie_villager":1,"minecraft:hoglin":4,"minecraft:creeper":6,"minecraft:sheep":8,"minecraft:zombie":21,"minecraft:ghast":1,"minecraft:wither_skeleton":6,"minecraft:blaze":5,"minecraft:enderman":2},"minecraft:dropped":{"minecraft:wheat_seeds":1,"minecraft:cooked_porkchop":4,"minecraft:cobblestone":107,"minecraft:flint":1,"minecraft:crimson_roots":3,"minecraft:potion":38,"minecraft:iron_shovel":3,"minecraft:string":49,"minecraft:birch_log":26,"minecraft:white_wool":1,"minecraft:redstone":4,"minecraft:gravel":23,"minecraft:cobbled_deepslate":183,"minecraft:raw_copper":310,"minecraft:birch_sapling":1,"minecraft:pointed_dripstone":4,"minecraft:white_carpet":1,"minecraft:rotten_flesh":52,"minecraft:pumpkin_seeds":3,"minecraft:diamond_sword":1,"minecraft:gunpowder":18,"minecraft:melon_seeds":1,"minecraft:oak_sapling":35,"minecraft:spider_eye":2,"minecraft:bow":2},"minecraft:broken":{"minecraft:wooden_pickaxe":1,"minecraft:stone_pickaxe":1,"minecraft:iron_sword":1,"minecraft:iron_pickaxe":7},"minecraft:used":{"minecraft:iron_shovel":212,"minecraft:flint_and_steel":2,"minecraft:chest":15,"minecraft:shield":42,"minecraft:iron_sword":224,"minecraft:cooked_chicken":2,"minecraft:rotten_flesh":8,"minecraft:netherrack":155,"minecraft:torch":497,"minecraft:brewing_stand":3,"minecraft:dirt":205,"minecraft:white_carpet":3,"minecraft:salmon_bucket":1,"minecraft:tuff":5,"minecraft:obsidian":11,"minecraft:iron_hoe":160,"minecraft:wooden_axe":2,"minecraft:lava_bucket":16,"minecraft:iron_axe":43,"minecraft:birch_sapling":10,"minecraft:bow":36,"minecraft:oak_sapling":10,"minecraft:furnace":4,"minecraft:cobbled_deepslate":434,"minecraft:wheat_seeds":432,"minecraft:cooked_mutton":4,"minecraft:water_bucket":35,"minecraft:diorite":7,"minecraft:glass_bottle":25,"minecraft:stone_pickaxe":178,"minecraft:andesite_slab":2,"minecraft:wooden_pickaxe":59,"minecraft:crafting_table":14,"minecraft:white_bed":1,"minecraft:cobbled_deepslate_stairs":110,"minecraft:birch_fence":3,"minecraft:diamond_pickaxe":457,"minecraft:apple":1,"minecraft:birch_fence_gate":2,"minecraft:bread":33,"minecraft:iron_pickaxe":1296,"minecraft:gravel":37,"minecraft:diamond_sword":188,"minecraft:potion":1,"minecraft:cobblestone":125,"minecraft:cooked_porkchop":33,"minecraft:bucket":54,"minecraft:bone_meal":129},"minecraft:crafted":{"minecraft:oak_planks":88,"minecraft:cooked_chicken":1,"minecraft:furnace":2,"minecraft:bone_meal":129,"minecraft:white_carpet":3,"minecraft:cooked_mutton":9,"minecraft:flint_and_steel":1,"minecraft:glass":36,"minecraft:diamond_helmet":1,"minecraft:diamond_leggings":1,"minecraft:iron_axe":2,"minecraft:iron_hoe":1,"minecraft:birch_fence_gate":2,"minecraft:stone_pickaxe":3,"minecraft:chest":4,"minecraft:diamond_boots":1,"minecraft:cobbled_deepslate_stairs":120,"minecraft:golden_helmet":1,"minecraft:glass_bottle":36,"minecraft:diamond_sword":1,"minecraft:cooked_porkchop":21,"minecraft:crafting_table":1,"minecraft:wooden_pickaxe":1,"minecraft:iron_sword":1,"minecraft:bucket":3,"minecraft:brewing_stand":2,"minecraft:birch_planks":44,"minecraft:bread":40,"minecraft:air":0,"minecraft:iron_chestplate":1,"minecraft:golden_apple":4,"minecraft:diamond_pickaxe":1,"minecraft:shield":1,"minecraft:birch_fence":3,"minecraft:stick":140,"minecraft:andesite_slab":6,"minecraft:iron_ingot":138,"minecraft:iron_pickaxe":9,"minecraft:wooden_axe":1,"minecraft:iron_shovel":2,"minecraft:iron_leggings":1,"minecraft:gold_ingot":63,"minecraft:white_bed":1,"minecraft:torch":556,"minecraft:shears":1,"minecraft:diamond_chestplate":1},"minecraft:custom":{"minecraft:mob_kills":114,"minecraft:animals_bred":14,"minecraft:interact_with_crafting_table":70,"minecraft:leave_game":3,"minecraft:time_since_death":372235,"minecraft:climb_one_cm":373,"minecraft:sprint_one_cm":1166292,"minecraft:walk_one_cm":1082862,"minecraft:damage_blocked_by_shield":1246,"minecraft:drop":87,"minecraft:play_time":372235,"minecraft:sneak_time":63542,"minecraft:walk_under_water_one_cm":7920,"minecraft:jump":6427,"minecraft:interact_with_brewingstand":3,"minecraft:walk_on_water_one_cm":48605,"minecraft:total_world_time":372235,"minecraft:interact_with_furnace":90,"minecraft:time_since_rest":372235,"minecraft:damage_taken":3338,"minecraft:damage_dealt":18815,"minecraft:swim_one_cm":15700,"minecraft:fly_one_cm":678786,"minecraft:open_chest":227,"minecraft:crouch_one_cm":218680,"minecraft:fall_one_cm":124796},"minecraft:mined":{"minecraft:tuff":30,"minecraft:deepslate_diamond_ore":1,"minecraft:cobbled_deepslate_stairs":2,"minecraft:brewing_stand":1,"minecraft:obsidian":16,"minecraft:nether_bricks":41,"minecraft:granite":3,"minecraft:grass_block":121,"minecraft:crimson_roots":5,"minecraft:spruce_leaves":5,"minecraft:spawner":10,"minecraft:large_fern":1,"minecraft:glowstone":1,"minecraft:furnace":2,"minecraft:fire":17,"minecraft:iron_ore":1,"minecraft:cobbled_deepslate":20,"minecraft:andesite":54,"minecraft:nether_brick_fence":1,"minecraft:pointed_dripstone":1,"minecraft:rail":1,"minecraft:stone":444,"minecraft:crimson_nylium":64,"minecraft:clay":1,"minecraft:crafting_table":13,"minecraft:torch":48,"minecraft:short_grass":189,"minecraft:chest":11,"minecraft:cobblestone":47,"minecraft:sugar_cane":6,"minecraft:diorite":17,"minecraft:wall_torch":19,"minecraft:nether_wart_block":8,"minecraft:birch_log":4,"minecraft:wheat":258,"minecraft:white_carpet":1,"minecraft:birch_leaves":10,"minecraft:coal_ore":3,"minecraft:gravel":82,"minecraft:sand":78,"minecraft:dirt":82,"minecraft:cobweb":52,"minecraft:fern":1,"minecraft:netherrack":183,"minecraft:oak_leaves":12,"minecraft:deepslate":1014,"minecraft:birch_fence":1}},"DataVersion":3953}