{"stats":{"minecraft:picked_up":{"minecraft:crafting_table":9,"minecraft:wheat":44,"minecraft:chicken":2,"minecraft:string":117,"minecraft:raw_copper":360,"minecraft:birch_fence":2,"minecraft:cobbled_deepslate":753,"minecraft:chest":11,"minecraft:birch_sapling":11,"minecraft:furnace":2,"minecraft:raw_iron":129,"minecraft:stick":51,"minecraft:torch":32,"minecraft:porkchop":21,"minecraft:pointed_dripstone":3,"minecraft:diorite":27,"minecraft:redstone":4,"minecraft:arrow":15,"minecraft:rotten_flesh":56,"minecraft:beetroot_seeds":4,"minecraft:saddle":1,"minecraft:mutton":1,"minecraft:white_wool":3,"minecraft:cobblestone":557,"minecraft:birch_log":97,"minecraft:andesite":54,"minecraft:tuff":3,"minecraft:oak_log":150,"minecraft:cobbled_deepslate_stairs":2,"minecraft:gunpowder":23,"minecraft:lapis_lazuli":59,"minecraft:dirt":168,"minecraft:bone":16,"minecraft:apple":5,"minecraft:bow":3,"minecraft:wheat_seeds":144,"minecraft:raw_gold":37,"minecraft:cooked_chicken":1,"minecraft:gravel":17,"minecraft:spider_eye":2,"minecraft:pumpkin_seeds":3,"minecraft:diamond":84,"minecraft:granite":2,"minecraft:emerald":1,"minecraft:oak_sapling":143,"minecraft:melon_seeds":1,"minecraft:coal":293,"minecraft:andesite_slab":5,"minecraft:ender_pearl":2},"minecraft:killed":{"minecraft:cave_spider":5,"minecraft:spider":5,"minecraft:skeleton":13,"minecraft:chicken":2,"minecraft:pig":13,"minecraft:creeper":1,"minecraft:sheep":1,"minecraft:zombie":14,"minecraft:enderman":2},"minecraft:dropped":{"minecraft:cobblestone":100,"minecraft:string":47,"minecraft:birch_log":26,"minecraft:white_wool":1,"minecraft:redstone":4,"minecraft:cobbled_deepslate":183,"minecraft:raw_copper":310,"minecraft:birch_sapling":1,"minecraft:pointed_dripstone":2,"minecraft:rotten_flesh":52,"minecraft:pumpkin_seeds":3,"minecraft:gunpowder":18,"minecraft:melon_seeds":1,"minecraft:oak_sapling":35,"minecraft:spider_eye":2},"minecraft:broken":{"minecraft:wooden_pickaxe":1,"minecraft:stone_pickaxe":1,"minecraft:iron_sword":1,"minecraft:iron_pickaxe":5},"minecraft:used":{"minecraft:iron_shovel":87,"minecraft:chest":12,"minecraft:shield":30,"minecraft:iron_sword":224,"minecraft:cooked_chicken":2,"minecraft:rotten_flesh":7,"minecraft:torch":344,"minecraft:dirt":99,"minecraft:iron_hoe":80,"minecraft:wooden_axe":2,"minecraft:lava_bucket":6,"minecraft:iron_axe":21,"minecraft:birch_sapling":10,"minecraft:bow":7,"minecraft:furnace":4,"minecraft:oak_sapling":10,"minecraft:cobbled_deepslate":70,"minecraft:wheat_seeds":123,"minecraft:water_bucket":12,"minecraft:diorite":5,"minecraft:stone_pickaxe":178,"minecraft:andesite_slab":1,"minecraft:wooden_pickaxe":59,"minecraft:crafting_table":9,"minecraft:cobbled_deepslate_stairs":110,"minecraft:birch_fence":3,"minecraft:apple":1,"minecraft:birch_fence_gate":2,"minecraft:iron_pickaxe":894,"minecraft:diamond_sword":29,"minecraft:cobblestone":118,"minecraft:cooked_porkchop":16,"minecraft:bucket":21,"minecraft:bone_meal":48},"minecraft:crafted":{"minecraft:oak_planks":88,"minecraft:cooked_chicken":1,"minecraft:furnace":2,"minecraft:bone_meal":48,"minecraft:cooked_mutton":1,"minecraft:diamond_helmet":1,"minecraft:diamond_leggings":1,"minecraft:iron_axe":1,"minecraft:iron_hoe":1,"minecraft:birch_fence_gate":2,"minecraft:stone_pickaxe":3,"minecraft:chest":3,"minecraft:diamond_boots":1,"minecraft:cobbled_deepslate_stairs":120,"minecraft:diamond_sword":1,"minecraft:cooked_porkchop":21,"minecraft:crafting_table":1,"minecraft:wooden_pickaxe":1,"minecraft:iron_sword":1,"minecraft:bucket":3,"minecraft:birch_planks":44,"minecraft:air":0,"minecraft:iron_chestplate":1,"minecraft:shield":1,"minecraft:birch_fence":3,"minecraft:stick":68,"minecraft:andesite_slab":6,"minecraft:iron_ingot":75,"minecraft:iron_pickaxe":6,"minecraft:wooden_axe":1,"minecraft:iron_shovel":1,"minecraft:iron_leggings":1,"minecraft:torch":316,"minecraft:diamond_chestplate":1},"minecraft:custom":{"minecraft:mob_kills":57,"minecraft:animals_bred":3,"minecraft:interact_with_crafting_table":48,"minecraft:leave_game":2,"minecraft:time_since_death":174908,"minecraft:sprint_one_cm":452485,"minecraft:walk_one_cm":593887,"minecraft:damage_blocked_by_shield":893,"minecraft:drop":31,"minecraft:play_time":174908,"minecraft:sneak_time":36285,"minecraft:walk_under_water_one_cm":4528,"minecraft:jump":2962,"minecraft:walk_on_water_one_cm":25876,"minecraft:total_world_time":174908,"minecraft:interact_with_furnace":48,"minecraft:time_since_rest":174908,"minecraft:damage_taken":938,"minecraft:damage_dealt":9297,"minecraft:swim_one_cm":3205,"minecraft:fly_one_cm":225676,"minecraft:open_chest":59,"minecraft:crouch_one_cm":122238,"minecraft:fall_one_cm":46409},"minecraft:mined":{"minecraft:tuff":19,"minecraft:cobbled_deepslate_stairs":2,"minecraft:granite":3,"minecraft:grass_block":69,"minecraft:spruce_leaves":1,"minecraft:spawner":10,"minecraft:large_fern":1,"minecraft:furnace":2,"minecraft:iron_ore":1,"minecraft:cobbled_deepslate":4,"minecraft:andesite":54,"minecraft:rail":1,"minecraft:stone":388,"minecraft:crafting_table":9,"minecraft:torch":14,"minecraft:short_grass":189,"minecraft:chest":11,"minecraft:cobblestone":42,"minecraft:diorite":16,"minecraft:wall_torch":13,"minecraft:birch_log":4,"minecraft:wheat":43,"minecraft:birch_leaves":10,"minecraft:coal_ore":3,"minecraft:gravel":6,"minecraft:dirt":80,"minecraft:cobweb":52,"minecraft:deepslate":565,"minecraft:oak_leaves":12,"minecraft:birch_fence":1}},"DataVersion":3953}