{"stats":{"minecraft:picked_up":{"minecraft:birch_log":41,"minecraft:crafting_table":4,"minecraft:chicken":2,"minecraft:andesite":54,"minecraft:oak_log":150,"minecraft:lapis_lazuli":30,"minecraft:dirt":156,"minecraft:raw_copper":310,"minecraft:bone":6,"minecraft:apple":5,"minecraft:bow":1,"minecraft:wheat_seeds":18,"minecraft:cobbled_deepslate":355,"minecraft:raw_gold":1,"minecraft:cooked_chicken":1,"minecraft:birch_sapling":11,"minecraft:furnace":2,"minecraft:stick":50,"minecraft:raw_iron":73,"minecraft:torch":16,"minecraft:gravel":17,"minecraft:porkchop":17,"minecraft:diorite":16,"minecraft:spider_eye":1,"minecraft:arrow":4,"minecraft:rotten_flesh":6,"minecraft:diamond":8,"minecraft:granite":2,"minecraft:oak_sapling":59,"minecraft:coal":269,"minecraft:cobblestone":407},"minecraft:killed":{"minecraft:pig":11,"minecraft:spider":1,"minecraft:creeper":1,"minecraft:skeleton":4,"minecraft:zombie":9,"minecraft:chicken":2},"minecraft:dropped":{"minecraft:raw_copper":310,"minecraft:birch_sapling":1,"minecraft:spider_eye":1},"minecraft:broken":{"minecraft:stone_pickaxe":1,"minecraft:iron_pickaxe":3,"minecraft:wooden_pickaxe":1},"minecraft:used":{"minecraft:water_bucket":1,"minecraft:diorite":5,"minecraft:iron_shovel":87,"minecraft:stone_pickaxe":178,"minecraft:chest":1,"minecraft:wooden_pickaxe":59,"minecraft:shield":5,"minecraft:iron_sword":71,"minecraft:cooked_chicken":2,"minecraft:rotten_flesh":7,"minecraft:torch":84,"minecraft:dirt":99,"minecraft:crafting_table":4,"minecraft:wooden_axe":2,"minecraft:apple":1,"minecraft:birch_sapling":10,"minecraft:iron_axe":14,"minecraft:iron_pickaxe":626,"minecraft:cobblestone":42,"minecraft:oak_sapling":10,"minecraft:furnace":4,"minecraft:cooked_porkchop":5,"minecraft:bucket":1,"minecraft:cobbled_deepslate":5},"minecraft:crafted":{"minecraft:oak_planks":8,"minecraft:cooked_porkchop":17,"minecraft:crafting_table":1,"minecraft:wooden_pickaxe":1,"minecraft:cooked_chicken":1,"minecraft:iron_sword":1,"minecraft:furnace":2,"minecraft:bucket":1,"minecraft:birch_planks":44,"minecraft:air":0,"minecraft:iron_chestplate":1,"minecraft:shield":1,"minecraft:iron_axe":1,"minecraft:stick":32,"minecraft:andesite_slab":6,"minecraft:iron_ingot":66,"minecraft:iron_pickaxe":4,"minecraft:stone_pickaxe":3,"minecraft:wooden_axe":1,"minecraft:chest":1,"minecraft:iron_shovel":1,"minecraft:iron_leggings":1,"minecraft:torch":96,"minecraft:diamond_chestplate":1},"minecraft:custom":{"minecraft:interact_with_furnace":36,"minecraft:mob_kills":28,"minecraft:interact_with_crafting_table":28,"minecraft:leave_game":1,"minecraft:time_since_death":79478,"minecraft:time_since_rest":79478,"minecraft:sprint_one_cm":140603,"minecraft:damage_taken":527,"minecraft:walk_one_cm":294927,"minecraft:damage_blocked_by_shield":145,"minecraft:drop":8,"minecraft:damage_dealt":4257,"minecraft:swim_one_cm":3205,"minecraft:fly_one_cm":90811,"minecraft:open_chest":8,"minecraft:crouch_one_cm":77596,"minecraft:play_time":79478,"minecraft:sneak_time":21983,"minecraft:walk_under_water_one_cm":2926,"minecraft:jump":1377,"minecraft:walk_on_water_one_cm":9727,"minecraft:total_world_time":79478,"minecraft:fall_one_cm":19358},"minecraft:mined":{"minecraft:crafting_table":4,"minecraft:torch":11,"minecraft:granite":3,"minecraft:short_grass":188,"minecraft:grass_block":69,"minecraft:cobblestone":34,"minecraft:spruce_leaves":1,"minecraft:diorite":16,"minecraft:wall_torch":4,"minecraft:spawner":1,"minecraft:large_fern":1,"minecraft:furnace":2,"minecraft:birch_log":4,"minecraft:iron_ore":1,"minecraft:cobbled_deepslate":2,"minecraft:andesite":54,"minecraft:birch_leaves":10,"minecraft:coal_ore":3,"minecraft:gravel":3,"minecraft:dirt":79,"minecraft:stone":374,"minecraft:oak_leaves":12,"minecraft:deepslate":355}},"DataVersion":3953}