{"stats":{"minecraft:picked_up":{"minecraft:birch_log":97,"minecraft:crafting_table":8,"minecraft:wheat":44,"minecraft:chicken":2,"minecraft:andesite":54,"minecraft:oak_log":150,"minecraft:cobbled_deepslate_stairs":2,"minecraft:gunpowder":23,"minecraft:string":19,"minecraft:lapis_lazuli":59,"minecraft:dirt":168,"minecraft:raw_copper":310,"minecraft:bone":10,"minecraft:birch_fence":2,"minecraft:apple":5,"minecraft:bow":1,"minecraft:wheat_seeds":144,"minecraft:cobbled_deepslate":695,"minecraft:raw_gold":10,"minecraft:cooked_chicken":1,"minecraft:chest":11,"minecraft:birch_sapling":11,"minecraft:furnace":2,"minecraft:stick":51,"minecraft:raw_iron":105,"minecraft:torch":26,"minecraft:gravel":17,"minecraft:porkchop":21,"minecraft:diorite":27,"minecraft:redstone":4,"minecraft:spider_eye":2,"minecraft:pumpkin_seeds":3,"minecraft:arrow":8,"minecraft:rotten_flesh":52,"minecraft:diamond":24,"minecraft:beetroot_seeds":4,"minecraft:granite":2,"minecraft:saddle":1,"minecraft:andesite_slab":5,"minecraft:oak_sapling":143,"minecraft:coal":269,"minecraft:melon_seeds":1,"minecraft:mutton":1,"minecraft:white_wool":3,"minecraft:cobblestone":543},"minecraft:killed":{"minecraft:pig":13,"minecraft:spider":5,"minecraft:creeper":1,"minecraft:skeleton":8,"minecraft:sheep":1,"minecraft:zombie":12,"minecraft:chicken":2},"minecraft:dropped":{"minecraft:cobbled_deepslate":183,"minecraft:raw_copper":310,"minecraft:rotten_flesh":48,"minecraft:birch_sapling":1,"minecraft:cobblestone":100,"minecraft:pumpkin_seeds":3,"minecraft:gunpowder":18,"minecraft:melon_seeds":1,"minecraft:oak_sapling":35,"minecraft:spider_eye":2,"minecraft:string":13,"minecraft:birch_log":26,"minecraft:white_wool":1,"minecraft:redstone":4},"minecraft:broken":{"minecraft:stone_pickaxe":1,"minecraft:iron_pickaxe":4,"minecraft:wooden_pickaxe":1},"minecraft:used":{"minecraft:wheat_seeds":123,"minecraft:water_bucket":5,"minecraft:diorite":5,"minecraft:iron_shovel":87,"minecraft:stone_pickaxe":178,"minecraft:andesite_slab":1,"minecraft:wooden_pickaxe":59,"minecraft:chest":12,"minecraft:shield":28,"minecraft:iron_sword":136,"minecraft:cooked_chicken":2,"minecraft:rotten_flesh":7,"minecraft:torch":205,"minecraft:dirt":99,"minecraft:crafting_table":8,"minecraft:cobbled_deepslate_stairs":110,"minecraft:birch_fence":3,"minecraft:iron_hoe":80,"minecraft:wooden_axe":2,"minecraft:apple":1,"minecraft:lava_bucket":6,"minecraft:birch_fence_gate":2,"minecraft:birch_sapling":10,"minecraft:iron_axe":21,"minecraft:iron_pickaxe":811,"minecraft:cobblestone":66,"minecraft:oak_sapling":10,"minecraft:furnace":4,"minecraft:cooked_porkchop":10,"minecraft:bucket":14,"minecraft:bone_meal":48,"minecraft:cobbled_deepslate":7},"minecraft:crafted":{"minecraft:oak_planks":88,"minecraft:cooked_porkchop":21,"minecraft:crafting_table":1,"minecraft:wooden_pickaxe":1,"minecraft:cooked_chicken":1,"minecraft:iron_sword":1,"minecraft:furnace":2,"minecraft:bone_meal":48,"minecraft:bucket":3,"minecraft:birch_planks":44,"minecraft:cooked_mutton":1,"minecraft:air":0,"minecraft:diamond_helmet":1,"minecraft:diamond_leggings":1,"minecraft:iron_chestplate":1,"minecraft:shield":1,"minecraft:iron_axe":1,"minecraft:birch_fence":3,"minecraft:iron_hoe":1,"minecraft:birch_fence_gate":2,"minecraft:stick":40,"minecraft:andesite_slab":6,"minecraft:iron_ingot":75,"minecraft:iron_pickaxe":6,"minecraft:stone_pickaxe":3,"minecraft:wooden_axe":1,"minecraft:diamond_boots":1,"minecraft:chest":3,"minecraft:iron_shovel":1,"minecraft:iron_leggings":1,"minecraft:cobbled_deepslate_stairs":120,"minecraft:torch":208,"minecraft:diamond_chestplate":1},"minecraft:custom":{"minecraft:interact_with_furnace":48,"minecraft:mob_kills":43,"minecraft:animals_bred":3,"minecraft:interact_with_crafting_table":47,"minecraft:leave_game":2,"minecraft:time_since_death":138908,"minecraft:time_since_rest":138908,"minecraft:sprint_one_cm":280084,"minecraft:damage_taken":720,"minecraft:walk_one_cm":483870,"minecraft:damage_blocked_by_shield":833,"minecraft:drop":27,"minecraft:damage_dealt":6898,"minecraft:swim_one_cm":3205,"minecraft:fly_one_cm":171674,"minecraft:open_chest":59,"minecraft:crouch_one_cm":103389,"minecraft:play_time":138908,"minecraft:sneak_time":29505,"minecraft:walk_under_water_one_cm":3543,"minecraft:jump":2242,"minecraft:walk_on_water_one_cm":20530,"minecraft:total_world_time":138908,"minecraft:fall_one_cm":35460},"minecraft:mined":{"minecraft:tuff":16,"minecraft:cobbled_deepslate_stairs":2,"minecraft:crafting_table":8,"minecraft:torch":11,"minecraft:granite":3,"minecraft:short_grass":189,"minecraft:grass_block":69,"minecraft:chest":11,"minecraft:cobblestone":41,"minecraft:spruce_leaves":1,"minecraft:diorite":16,"minecraft:wall_torch":11,"minecraft:spawner":4,"minecraft:large_fern":1,"minecraft:furnace":2,"minecraft:wheat":43,"minecraft:birch_log":4,"minecraft:iron_ore":1,"minecraft:cobbled_deepslate":2,"minecraft:birch_leaves":10,"minecraft:andesite":54,"minecraft:coal_ore":3,"minecraft:gravel":3,"minecraft:dirt":80,"minecraft:stone":374,"minecraft:oak_leaves":12,"minecraft:birch_fence":1,"minecraft:deepslate":509}},"DataVersion":3953}