{"stats":{"minecraft:picked_up":{"minecraft:crafting_table":13,"minecraft:wheat":247,"minecraft:chicken":2,"minecraft:nether_brick_fence":3,"minecraft:diamond_sword":1,"minecraft:potion":78,"minecraft:brewing_stand":1,"minecraft:string":127,"minecraft:raw_copper":364,"minecraft:white_carpet":1,"minecraft:iron_shovel":2,"minecraft:birch_fence":2,"minecraft:gold_nugget":27,"minecraft:cobbled_deepslate":1213,"minecraft:spruce_planks":62,"minecraft:sugar_cane":26,"minecraft:chest":11,"minecraft:birch_sapling":11,"minecraft:furnace":2,"minecraft:golden_helmet":1,"minecraft:stick":51,"minecraft:raw_iron":138,"minecraft:torch":74,"minecraft:porkchop":21,"minecraft:pointed_dripstone":5,"minecraft:diorite":29,"minecraft:redstone":8,"minecraft:arrow":34,"minecraft:rotten_flesh":63,"minecraft:beetroot_seeds":4,"minecraft:nether_bricks":35,"minecraft:saddle":1,"minecraft:blaze_rod":6,"minecraft:mutton":9,"minecraft:obsidian":15,"minecraft:white_wool":40,"minecraft:cobblestone":616,"minecraft:birch_log":97,"minecraft:andesite":54,"minecraft:brown_wool":4,"minecraft:flint":5,"minecraft:tuff":11,"minecraft:oak_log":150,"minecraft:cobbled_deepslate_stairs":2,"minecraft:gunpowder":31,"minecraft:lapis_lazuli":82,"minecraft:dirt":242,"minecraft:glass":1,"minecraft:bone":41,"minecraft:apple":5,"minecraft:bow":4,"minecraft:wheat_seeds":713,"minecraft:raw_gold":63,"minecraft:cooked_chicken":1,"minecraft:oak_planks":1,"minecraft:cooked_porkchop":16,"minecraft:sweet_berries":46,"minecraft:quartz":31,"minecraft:gravel":189,"minecraft:sand":105,"minecraft:spruce_log":69,"minecraft:spider_eye":3,"minecraft:pumpkin_seeds":3,"minecraft:sugar":1,"minecraft:diamond":114,"minecraft:granite":2,"minecraft:gray_wool":4,"minecraft:emerald":1,"minecraft:coal":296,"minecraft:oak_sapling":143,"minecraft:melon_seeds":1,"minecraft:netherrack":199,"minecraft:andesite_slab":5,"minecraft:crimson_roots":3,"minecraft:ender_pearl":2},"minecraft:killed":{"minecraft:cave_spider":5,"minecraft:witch":1,"minecraft:spider":10,"minecraft:skeleton":31,"minecraft:chicken":2,"minecraft:pig":16,"minecraft:zombie_villager":1,"minecraft:hoglin":4,"minecraft:creeper":6,"minecraft:sheep":8,"minecraft:zombie":21,"minecraft:ghast":1,"minecraft:wither_skeleton":11,"minecraft:blaze":7,"minecraft:enderman":2},"minecraft:dropped":{"minecraft:wheat_seeds":1,"minecraft:golden_helmet":1,"minecraft:cooked_porkchop":4,"minecraft:cobblestone":107,"minecraft:flint":1,"minecraft:crimson_roots":3,"minecraft:potion":47,"minecraft:iron_shovel":3,"minecraft:string":49,"minecraft:birch_log":26,"minecraft:white_wool":1,"minecraft:bone":10,"minecraft:redstone":4,"minecraft:gravel":23,"minecraft:sugar_cane":7,"minecraft:cobbled_deepslate":183,"minecraft:raw_copper":310,"minecraft:birch_sapling":1,"minecraft:pointed_dripstone":4,"minecraft:rotten_flesh":52,"minecraft:white_carpet":1,"minecraft:pumpkin_seeds":3,"minecraft:diamond_sword":1,"minecraft:gunpowder":18,"minecraft:melon_seeds":1,"minecraft:oak_sapling":35,"minecraft:spider_eye":2,"minecraft:bow":2,"minecraft:netherrack":2},"minecraft:broken":{"minecraft:golden_helmet":1,"minecraft:flint_and_steel":2,"minecraft:wooden_pickaxe":1,"minecraft:stone_pickaxe":1,"minecraft:iron_sword":1,"minecraft:iron_pickaxe":7},"minecraft:used":{"minecraft:iron_shovel":213,"minecraft:flint_and_steel":159,"minecraft:chest":16,"minecraft:shield":45,"minecraft:iron_sword":224,"minecraft:cooked_chicken":2,"minecraft:rotten_flesh":8,"minecraft:netherrack":196,"minecraft:torch":497,"minecraft:brewing_stand":3,"minecraft:dirt":205,"minecraft:white_carpet":3,"minecraft:salmon_bucket":1,"minecraft:tuff":5,"minecraft:obsidian":11,"minecraft:iron_hoe":160,"minecraft:wooden_axe":2,"minecraft:lava_bucket":16,"minecraft:iron_axe":123,"minecraft:birch_sapling":10,"minecraft:bow":36,"minecraft:furnace":4,"minecraft:oak_sapling":10,"minecraft:cobbled_deepslate":465,"minecraft:wheat_seeds":432,"minecraft:cooked_mutton":8,"minecraft:water_bucket":36,"minecraft:diorite":7,"minecraft:glass_bottle":37,"minecraft:stone_pickaxe":178,"minecraft:andesite_slab":2,"minecraft:wooden_pickaxe":59,"minecraft:crafting_table":15,"minecraft:white_bed":1,"minecraft:spruce_log":5,"minecraft:cobbled_deepslate_stairs":110,"minecraft:birch_fence":3,"minecraft:diamond_pickaxe":492,"minecraft:apple":1,"minecraft:birch_fence_gate":2,"minecraft:bread":43,"minecraft:iron_pickaxe":1296,"minecraft:gravel":47,"minecraft:diamond_sword":228,"minecraft:potion":1,"minecraft:cobblestone":125,"minecraft:cooked_porkchop":33,"minecraft:bucket":55,"minecraft:bone_meal":129},"minecraft:crafted":{"minecraft:oak_planks":92,"minecraft:cooked_chicken":1,"minecraft:furnace":2,"minecraft:bone_meal":129,"minecraft:white_carpet":3,"minecraft:cooked_mutton":9,"minecraft:flint_and_steel":3,"minecraft:glass":36,"minecraft:diamond_helmet":1,"minecraft:diamond_leggings":1,"minecraft:iron_axe":3,"minecraft:iron_hoe":1,"minecraft:birch_fence_gate":2,"minecraft:stone_pickaxe":3,"minecraft:chest":5,"minecraft:diamond_boots":1,"minecraft:cobbled_deepslate_stairs":120,"minecraft:golden_helmet":1,"minecraft:glass_bottle":36,"minecraft:diamond_sword":1,"minecraft:cooked_porkchop":21,"minecraft:crafting_table":2,"minecraft:wooden_pickaxe":1,"minecraft:iron_sword":1,"minecraft:bucket":3,"minecraft:brewing_stand":2,"minecraft:birch_planks":44,"minecraft:bread":40,"minecraft:air":0,"minecraft:iron_chestplate":1,"minecraft:golden_apple":4,"minecraft:diamond_pickaxe":1,"minecraft:shield":1,"minecraft:birch_fence":3,"minecraft:stick":144,"minecraft:andesite_slab":6,"minecraft:iron_ingot":138,"minecraft:iron_pickaxe":9,"minecraft:wooden_axe":1,"minecraft:iron_shovel":2,"minecraft:iron_leggings":1,"minecraft:gold_ingot":63,"minecraft:white_bed":1,"minecraft:torch":556,"minecraft:shears":1,"minecraft:diamond_chestplate":1},"minecraft:custom":{"minecraft:mob_kills":128,"minecraft:animals_bred":14,"minecraft:interact_with_crafting_table":76,"minecraft:leave_game":5,"minecraft:time_since_death":401157,"minecraft:climb_one_cm":710,"minecraft:sprint_one_cm":1283405,"minecraft:walk_one_cm":1174393,"minecraft:damage_blocked_by_shield":1361,"minecraft:drop":100,"minecraft:talked_to_villager":2,"minecraft:play_time":401157,"minecraft:sneak_time":67411,"minecraft:walk_under_water_one_cm":9290,"minecraft:jump":7044,"minecraft:interact_with_brewingstand":3,"minecraft:walk_on_water_one_cm":52404,"minecraft:total_world_time":401157,"minecraft:interact_with_furnace":92,"minecraft:sleep_in_bed":1,"minecraft:time_since_rest":6175,"minecraft:damage_taken":4061,"minecraft:damage_dealt":21251,"minecraft:swim_one_cm":16017,"minecraft:fly_one_cm":782059,"minecraft:open_chest":246,"minecraft:crouch_one_cm":228566,"minecraft:interact_with_smoker":1,"minecraft:fall_one_cm":133411},"minecraft:mined":{"minecraft:tuff":30,"minecraft:spruce_planks":13,"minecraft:white_bed":1,"minecraft:deepslate_diamond_ore":1,"minecraft:cobbled_deepslate_stairs":2,"minecraft:cobblestone_stairs":2,"minecraft:brewing_stand":1,"minecraft:obsidian":17,"minecraft:nether_bricks":45,"minecraft:granite":3,"minecraft:grass_block":121,"minecraft:crimson_roots":5,"minecraft:spruce_leaves":5,"minecraft:hopper":2,"minecraft:spawner":10,"minecraft:large_fern":4,"minecraft:glowstone":1,"minecraft:furnace":2,"minecraft:carrots":16,"minecraft:cobbled_deepslate":28,"minecraft:iron_ore":1,"minecraft:fire":31,"minecraft:andesite":54,"minecraft:nether_brick_fence":4,"minecraft:potatoes":5,"minecraft:pointed_dripstone":1,"minecraft:rail":1,"minecraft:stone":444,"minecraft:crimson_nylium":64,"minecraft:clay":1,"minecraft:crafting_table":13,"minecraft:torch":48,"minecraft:short_grass":189,"minecraft:chest":25,"minecraft:cobblestone":48,"minecraft:grindstone":2,"minecraft:blue_bed":1,"minecraft:sugar_cane":22,"minecraft:diorite":17,"minecraft:wall_torch":19,"minecraft:gray_wool":1,"minecraft:purple_bed":3,"minecraft:nether_wart_block":8,"minecraft:sweet_berry_bush":2,"minecraft:birch_log":4,"minecraft:wheat":271,"minecraft:white_carpet":1,"minecraft:spruce_log":4,"minecraft:birch_leaves":10,"minecraft:coal_ore":3,"minecraft:gravel":89,"minecraft:sand":78,"minecraft:dirt":85,"minecraft:cobweb":52,"minecraft:netherrack":195,"minecraft:fern":1,"minecraft:oak_leaves":12,"minecraft:deepslate":1014,"minecraft:birch_fence":1}},"DataVersion":3953}