{"stats":{"minecraft:picked_up":{"minecraft:birch_log":17,"minecraft:raw_iron":13,"minecraft:stick":15,"minecraft:crafting_table":2,"minecraft:chicken":2,"minecraft:andesite":1,"minecraft:torch":2,"minecraft:oak_log":42,"minecraft:raw_copper":85,"minecraft:dirt":9,"minecraft:rotten_flesh":1,"minecraft:apple":1,"minecraft:granite":2,"minecraft:cooked_chicken":1,"minecraft:oak_sapling":28,"minecraft:birch_sapling":2,"minecraft:coal":75,"minecraft:cobblestone":18,"minecraft:furnace":1},"minecraft:killed":{"minecraft:zombie":2,"minecraft:chicken":2,"minecraft:creeper":1},"minecraft:used":{"minecraft:wooden_axe":2,"minecraft:apple":1,"minecraft:stone_pickaxe":25,"minecraft:wooden_pickaxe":3,"minecraft:cooked_chicken":2,"minecraft:torch":15,"minecraft:dirt":9,"minecraft:cobblestone":7,"minecraft:crafting_table":2,"minecraft:furnace":2},"minecraft:crafted":{"minecraft:shield":1,"minecraft:iron_ingot":2,"minecraft:wooden_pickaxe":1,"minecraft:cooked_chicken":1,"minecraft:stone_pickaxe":1,"minecraft:wooden_axe":1,"minecraft:furnace":1,"minecraft:torch":36,"minecraft:birch_planks":16,"minecraft:air":0},"minecraft:custom":{"minecraft:time_since_rest":13989,"minecraft:interact_with_furnace":6,"minecraft:sprint_one_cm":38846,"minecraft:damage_taken":135,"minecraft:walk_one_cm":62169,"minecraft:mob_kills":5,"minecraft:damage_dealt":614,"minecraft:interact_with_crafting_table":9,"minecraft:swim_one_cm":2690,"minecraft:fly_one_cm":24740,"minecraft:crouch_one_cm":4422,"minecraft:play_time":13989,"minecraft:sneak_time":1360,"minecraft:walk_under_water_one_cm":2508,"minecraft:jump":297,"minecraft:time_since_death":13989,"minecraft:walk_on_water_one_cm":8097,"minecraft:total_world_time":13989,"minecraft:fall_one_cm":5165},"minecraft:mined":{"minecraft:furnace":1,"minecraft:birch_log":4,"minecraft:andesite":1,"minecraft:birch_leaves":3,"minecraft:torch":1,"minecraft:crafting_table":2,"minecraft:granite":3,"minecraft:short_grass":1,"minecraft:spruce_leaves":1,"minecraft:stone":12}},"DataVersion":3953}