{"stats":{"minecraft:picked_up":{"minecraft:crafting_table":9,"minecraft:wheat":141,"minecraft:chicken":2,"minecraft:diamond_sword":1,"minecraft:string":125,"minecraft:raw_copper":364,"minecraft:birch_fence":2,"minecraft:cobbled_deepslate":1202,"minecraft:chest":11,"minecraft:birch_sapling":11,"minecraft:furnace":2,"minecraft:stick":51,"minecraft:raw_iron":138,"minecraft:torch":72,"minecraft:porkchop":21,"minecraft:pointed_dripstone":5,"minecraft:diorite":29,"minecraft:redstone":8,"minecraft:arrow":34,"minecraft:rotten_flesh":62,"minecraft:beetroot_seeds":4,"minecraft:saddle":1,"minecraft:obsidian":15,"minecraft:mutton":9,"minecraft:white_wool":5,"minecraft:cobblestone":559,"minecraft:birch_log":97,"minecraft:andesite":54,"minecraft:brown_wool":4,"minecraft:tuff":11,"minecraft:oak_log":150,"minecraft:cobbled_deepslate_stairs":2,"minecraft:gunpowder":23,"minecraft:lapis_lazuli":82,"minecraft:dirt":210,"minecraft:bone":31,"minecraft:apple":5,"minecraft:bow":4,"minecraft:wheat_seeds":407,"minecraft:raw_gold":63,"minecraft:cooked_chicken":1,"minecraft:oak_planks":1,"minecraft:gravel":94,"minecraft:spider_eye":3,"minecraft:pumpkin_seeds":3,"minecraft:sugar":1,"minecraft:diamond":114,"minecraft:granite":2,"minecraft:emerald":1,"minecraft:andesite_slab":5,"minecraft:oak_sapling":143,"minecraft:melon_seeds":1,"minecraft:coal":293,"minecraft:ender_pearl":2},"minecraft:killed":{"minecraft:cave_spider":5,"minecraft:witch":1,"minecraft:spider":8,"minecraft:skeleton":28,"minecraft:chicken":2,"minecraft:pig":13,"minecraft:zombie_villager":1,"minecraft:creeper":3,"minecraft:sheep":8,"minecraft:zombie":20,"minecraft:enderman":2},"minecraft:dropped":{"minecraft:cobblestone":100,"minecraft:string":47,"minecraft:birch_log":26,"minecraft:white_wool":1,"minecraft:redstone":4,"minecraft:cobbled_deepslate":183,"minecraft:raw_copper":310,"minecraft:birch_sapling":1,"minecraft:pointed_dripstone":4,"minecraft:rotten_flesh":52,"minecraft:pumpkin_seeds":3,"minecraft:diamond_sword":1,"minecraft:gunpowder":18,"minecraft:melon_seeds":1,"minecraft:oak_sapling":35,"minecraft:spider_eye":2,"minecraft:bow":2},"minecraft:broken":{"minecraft:wooden_pickaxe":1,"minecraft:stone_pickaxe":1,"minecraft:iron_sword":1,"minecraft:iron_pickaxe":7},"minecraft:used":{"minecraft:iron_shovel":127,"minecraft:chest":14,"minecraft:shield":42,"minecraft:iron_sword":224,"minecraft:cooked_chicken":2,"minecraft:rotten_flesh":7,"minecraft:torch":491,"minecraft:dirt":191,"minecraft:tuff":5,"minecraft:obsidian":10,"minecraft:iron_hoe":160,"minecraft:wooden_axe":2,"minecraft:lava_bucket":8,"minecraft:iron_axe":30,"minecraft:birch_sapling":10,"minecraft:bow":15,"minecraft:oak_sapling":10,"minecraft:furnace":4,"minecraft:cobbled_deepslate":269,"minecraft:wheat_seeds":305,"minecraft:cooked_mutton":4,"minecraft:water_bucket":31,"minecraft:diorite":7,"minecraft:stone_pickaxe":178,"minecraft:andesite_slab":2,"minecraft:wooden_pickaxe":59,"minecraft:crafting_table":9,"minecraft:white_bed":1,"minecraft:cobbled_deepslate_stairs":110,"minecraft:birch_fence":3,"minecraft:diamond_pickaxe":94,"minecraft:apple":1,"minecraft:birch_fence_gate":2,"minecraft:bread":13,"minecraft:iron_pickaxe":1296,"minecraft:diamond_sword":122,"minecraft:cobblestone":125,"minecraft:cooked_porkchop":21,"minecraft:bucket":42,"minecraft:bone_meal":126},"minecraft:crafted":{"minecraft:oak_planks":88,"minecraft:cooked_chicken":1,"minecraft:furnace":2,"minecraft:bone_meal":126,"minecraft:cooked_mutton":4,"minecraft:diamond_helmet":1,"minecraft:diamond_leggings":1,"minecraft:iron_axe":1,"minecraft:iron_hoe":1,"minecraft:birch_fence_gate":2,"minecraft:stone_pickaxe":3,"minecraft:chest":3,"minecraft:diamond_boots":1,"minecraft:cobbled_deepslate_stairs":120,"minecraft:diamond_sword":1,"minecraft:cooked_porkchop":21,"minecraft:crafting_table":1,"minecraft:wooden_pickaxe":1,"minecraft:iron_sword":1,"minecraft:bucket":3,"minecraft:birch_planks":44,"minecraft:bread":21,"minecraft:air":0,"minecraft:iron_chestplate":1,"minecraft:golden_apple":4,"minecraft:diamond_pickaxe":1,"minecraft:shield":1,"minecraft:birch_fence":3,"minecraft:stick":140,"minecraft:andesite_slab":6,"minecraft:iron_ingot":138,"minecraft:iron_pickaxe":9,"minecraft:wooden_axe":1,"minecraft:iron_shovel":1,"minecraft:iron_leggings":1,"minecraft:gold_ingot":44,"minecraft:white_bed":1,"minecraft:torch":556,"minecraft:diamond_chestplate":1},"minecraft:custom":{"minecraft:mob_kills":92,"minecraft:animals_bred":10,"minecraft:interact_with_crafting_table":57,"minecraft:leave_game":3,"minecraft:time_since_death":276235,"minecraft:sprint_one_cm":823769,"minecraft:walk_one_cm":831990,"minecraft:damage_blocked_by_shield":1246,"minecraft:drop":36,"minecraft:play_time":276235,"minecraft:sneak_time":53226,"minecraft:walk_under_water_one_cm":5349,"minecraft:jump":4812,"minecraft:walk_on_water_one_cm":30364,"minecraft:total_world_time":276235,"minecraft:interact_with_furnace":76,"minecraft:time_since_rest":276235,"minecraft:damage_taken":1782,"minecraft:damage_dealt":14885,"minecraft:swim_one_cm":3205,"minecraft:fly_one_cm":442977,"minecraft:open_chest":150,"minecraft:crouch_one_cm":188573,"minecraft:fall_one_cm":89729},"minecraft:mined":{"minecraft:tuff":30,"minecraft:deepslate_diamond_ore":1,"minecraft:cobbled_deepslate_stairs":2,"minecraft:obsidian":16,"minecraft:granite":3,"minecraft:grass_block":109,"minecraft:spruce_leaves":1,"minecraft:spawner":10,"minecraft:large_fern":1,"minecraft:furnace":2,"minecraft:iron_ore":1,"minecraft:cobbled_deepslate":17,"minecraft:andesite":54,"minecraft:pointed_dripstone":1,"minecraft:rail":1,"minecraft:stone":390,"minecraft:crafting_table":9,"minecraft:torch":47,"minecraft:short_grass":189,"minecraft:chest":11,"minecraft:cobblestone":44,"minecraft:diorite":17,"minecraft:wall_torch":19,"minecraft:birch_log":4,"minecraft:wheat":145,"minecraft:birch_leaves":10,"minecraft:coal_ore":3,"minecraft:gravel":10,"minecraft:dirt":82,"minecraft:cobweb":52,"minecraft:oak_leaves":12,"minecraft:deepslate":1014,"minecraft:birch_fence":1}},"DataVersion":3953}