{"stats":{"minecraft:picked_up":{"minecraft:birch_log":4,"minecraft:stick":15,"minecraft:chicken":1,"minecraft:apple":1,"minecraft:oak_log":32,"minecraft:oak_sapling":24,"minecraft:birch_sapling":2},"minecraft:killed":{"minecraft:chicken":1},"minecraft:crafted":{"minecraft:birch_planks":16,"minecraft:wooden_axe":1},"minecraft:custom":{"minecraft:time_since_rest":1989,"minecraft:crouch_one_cm":471,"minecraft:play_time":1989,"minecraft:sprint_one_cm":9866,"minecraft:walk_one_cm":5547,"minecraft:sneak_time":328,"minecraft:mob_kills":1,"minecraft:jump":34,"minecraft:damage_dealt":40,"minecraft:time_since_death":1989,"minecraft:total_world_time":1989,"minecraft:interact_with_crafting_table":1,"minecraft:fall_one_cm":418,"minecraft:fly_one_cm":4921},"minecraft:mined":{"minecraft:birch_log":4}},"DataVersion":3953}