{"stats":{"minecraft:picked_up":{"minecraft:birch_log":41,"minecraft:crafting_table":8,"minecraft:wheat":9,"minecraft:chicken":2,"minecraft:andesite":54,"minecraft:oak_log":150,"minecraft:cobbled_deepslate_stairs":2,"minecraft:gunpowder":5,"minecraft:lapis_lazuli":30,"minecraft:dirt":168,"minecraft:raw_copper":310,"minecraft:birch_fence":1,"minecraft:bone":8,"minecraft:apple":5,"minecraft:bow":1,"minecraft:wheat_seeds":41,"minecraft:cobbled_deepslate":469,"minecraft:raw_gold":1,"minecraft:cooked_chicken":1,"minecraft:chest":4,"minecraft:birch_sapling":11,"minecraft:furnace":2,"minecraft:stick":51,"minecraft:raw_iron":79,"minecraft:torch":23,"minecraft:gravel":17,"minecraft:porkchop":21,"minecraft:diorite":16,"minecraft:redstone":4,"minecraft:spider_eye":1,"minecraft:arrow":7,"minecraft:rotten_flesh":41,"minecraft:diamond":21,"minecraft:granite":2,"minecraft:melon_seeds":1,"minecraft:mutton":1,"minecraft:oak_sapling":59,"minecraft:coal":269,"minecraft:white_wool":1,"minecraft:cobblestone":418},"minecraft:killed":{"minecraft:pig":13,"minecraft:spider":1,"minecraft:creeper":1,"minecraft:sheep":1,"minecraft:skeleton":6,"minecraft:zombie":11,"minecraft:chicken":2},"minecraft:dropped":{"minecraft:cobbled_deepslate":132,"minecraft:raw_copper":310,"minecraft:birch_sapling":1,"minecraft:cobblestone":38,"minecraft:gunpowder":5,"minecraft:melon_seeds":1,"minecraft:spider_eye":1,"minecraft:redstone":4},"minecraft:broken":{"minecraft:stone_pickaxe":1,"minecraft:iron_pickaxe":3,"minecraft:wooden_pickaxe":1},"minecraft:used":{"minecraft:wheat_seeds":41,"minecraft:water_bucket":5,"minecraft:diorite":5,"minecraft:iron_shovel":87,"minecraft:stone_pickaxe":178,"minecraft:andesite_slab":1,"minecraft:chest":1,"minecraft:wooden_pickaxe":59,"minecraft:shield":12,"minecraft:iron_sword":102,"minecraft:cooked_chicken":2,"minecraft:rotten_flesh":7,"minecraft:torch":148,"minecraft:dirt":99,"minecraft:crafting_table":8,"minecraft:cobbled_deepslate_stairs":110,"minecraft:birch_fence":3,"minecraft:iron_hoe":80,"minecraft:wooden_axe":2,"minecraft:lava_bucket":3,"minecraft:apple":1,"minecraft:birch_fence_gate":2,"minecraft:birch_sapling":10,"minecraft:iron_axe":16,"minecraft:iron_pickaxe":743,"minecraft:cobblestone":51,"minecraft:oak_sapling":10,"minecraft:furnace":4,"minecraft:cooked_porkchop":8,"minecraft:bucket":11,"minecraft:cobbled_deepslate":7,"minecraft:bone_meal":18},"minecraft:crafted":{"minecraft:oak_planks":8,"minecraft:cooked_porkchop":17,"minecraft:crafting_table":1,"minecraft:wooden_pickaxe":1,"minecraft:cooked_chicken":1,"minecraft:iron_sword":1,"minecraft:furnace":2,"minecraft:bone_meal":18,"minecraft:bucket":3,"minecraft:birch_planks":44,"minecraft:air":0,"minecraft:iron_chestplate":1,"minecraft:shield":1,"minecraft:iron_axe":1,"minecraft:birch_fence":3,"minecraft:birch_fence_gate":2,"minecraft:iron_hoe":1,"minecraft:stick":40,"minecraft:andesite_slab":6,"minecraft:iron_ingot":75,"minecraft:iron_pickaxe":6,"minecraft:stone_pickaxe":3,"minecraft:wooden_axe":1,"minecraft:chest":1,"minecraft:cobbled_deepslate_stairs":120,"minecraft:iron_shovel":1,"minecraft:iron_leggings":1,"minecraft:torch":208,"minecraft:diamond_chestplate":1},"minecraft:custom":{"minecraft:interact_with_furnace":46,"minecraft:mob_kills":36,"minecraft:animals_bred":1,"minecraft:interact_with_crafting_table":43,"minecraft:leave_game":1,"minecraft:time_since_death":115478,"minecraft:time_since_rest":115478,"minecraft:sprint_one_cm":238221,"minecraft:damage_taken":621,"minecraft:walk_one_cm":414813,"minecraft:damage_blocked_by_shield":405,"minecraft:drop":15,"minecraft:damage_dealt":5382,"minecraft:swim_one_cm":3205,"minecraft:fly_one_cm":149082,"minecraft:open_chest":27,"minecraft:crouch_one_cm":91296,"minecraft:play_time":115478,"minecraft:sneak_time":25730,"minecraft:walk_under_water_one_cm":3138,"minecraft:jump":1907,"minecraft:walk_on_water_one_cm":11000,"minecraft:total_world_time":115478,"minecraft:fall_one_cm":30673},"minecraft:mined":{"minecraft:tuff":16,"minecraft:cobbled_deepslate_stairs":2,"minecraft:crafting_table":8,"minecraft:torch":11,"minecraft:granite":3,"minecraft:short_grass":189,"minecraft:grass_block":69,"minecraft:chest":4,"minecraft:cobblestone":39,"minecraft:spruce_leaves":1,"minecraft:diorite":16,"minecraft:wall_torch":11,"minecraft:spawner":3,"minecraft:large_fern":1,"minecraft:furnace":2,"minecraft:wheat":8,"minecraft:birch_log":4,"minecraft:iron_ore":1,"minecraft:cobbled_deepslate":2,"minecraft:andesite":54,"minecraft:birch_leaves":10,"minecraft:coal_ore":3,"minecraft:gravel":3,"minecraft:dirt":80,"minecraft:stone":374,"minecraft:birch_fence":1,"minecraft:oak_leaves":12,"minecraft:deepslate":446}},"DataVersion":3953}