{"stats":{"minecraft:picked_up":{"minecraft:wooden_axe":1,"minecraft:birch_log":5,"minecraft:iron_chestplate":1,"minecraft:magma_block":1,"minecraft:crafting_table":4,"minecraft:cooked_beef":1,"minecraft:andesite":4,"minecraft:leather":8,"minecraft:filled_map":1,"minecraft:gold_block":1,"minecraft:tuff":19,"minecraft:oak_log":81,"minecraft:lapis_lazuli":27,"minecraft:dirt":32,"minecraft:string":5,"minecraft:bone":12,"minecraft:bow":1,"minecraft:cobbled_deepslate":17,"minecraft:raw_gold":16,"minecraft:beef":8,"minecraft:iron_ingot":1,"minecraft:iron_pickaxe":1,"minecraft:sugar_cane":6,"minecraft:oak_planks":168,"minecraft:furnace":2,"minecraft:stick":2,"minecraft:raw_iron":32,"minecraft:stone_brick_slab":1,"minecraft:sand":2,"minecraft:diorite":7,"minecraft:redstone":119,"minecraft:arrow":12,"minecraft:rotten_flesh":4,"minecraft:diamond":22,"minecraft:gray_wool":1,"minecraft:netherrack":4,"minecraft:mutton":1,"minecraft:coal":38,"minecraft:cobblestone":35},"minecraft:killed":{"minecraft:spider":1,"minecraft:sheep":1,"minecraft:skeleton":7,"minecraft:zombie":4,"minecraft:cow":5},"minecraft:dropped":{"minecraft:stone_axe":1,"minecraft:tuff":1,"minecraft:cobblestone":2,"minecraft:rotten_flesh":4,"minecraft:filled_map":1,"minecraft:iron_chestplate":1,"minecraft:bow":1,"minecraft:string":1,"minecraft:stone_brick_slab":1},"minecraft:broken":{"minecraft:wooden_axe":1},"minecraft:killed_by":{"minecraft:player":2},"minecraft:used":{"minecraft:water_bucket":3,"minecraft:diorite":7,"minecraft:shield":14,"minecraft:diamond_axe":20,"minecraft:torch":2,"minecraft:dirt":17,"minecraft:sand":2,"minecraft:crafting_table":5,"minecraft:salmon_bucket":1,"minecraft:tuff":18,"minecraft:wooden_axe":13,"minecraft:diamond_pickaxe":4,"minecraft:lava_bucket":1,"minecraft:bread":1,"minecraft:string":2,"minecraft:iron_pickaxe":84,"minecraft:stone_axe":8,"minecraft:diamond_chestplate":1,"minecraft:cobblestone":21,"minecraft:furnace":2,"minecraft:andesite":4,"minecraft:bucket":6,"minecraft:cooked_beef":6,"minecraft:cobbled_deepslate":2},"minecraft:crafted":{"minecraft:cooked_beef":5,"minecraft:oak_planks":168,"minecraft:diamond_axe":1,"minecraft:crafting_table":3,"minecraft:furnace":1,"minecraft:bucket":1,"minecraft:birch_planks":16,"minecraft:stone_axe":1,"minecraft:air":0,"minecraft:diamond_pickaxe":1,"minecraft:shield":1,"minecraft:stick":16,"minecraft:iron_ingot":11,"minecraft:iron_pickaxe":1,"minecraft:wooden_axe":1,"minecraft:gold_ingot":9,"minecraft:torch":16,"minecraft:diamond_chestplate":1},"minecraft:custom":{"minecraft:interact_with_furnace":13,"minecraft:mob_kills":21,"minecraft:interact_with_crafting_table":14,"minecraft:leave_game":3,"minecraft:time_since_death":29178,"minecraft:sleep_in_bed":1,"minecraft:time_since_rest":2056,"minecraft:sprint_one_cm":150508,"minecraft:damage_taken":887,"minecraft:walk_one_cm":62152,"minecraft:damage_blocked_by_shield":380,"minecraft:drop":9,"minecraft:damage_dealt":3337,"minecraft:swim_one_cm":43386,"minecraft:fly_one_cm":250123,"minecraft:player_kills":1,"minecraft:open_chest":6,"minecraft:crouch_one_cm":6196,"minecraft:play_time":37130,"minecraft:deaths":2,"minecraft:sneak_time":2109,"minecraft:walk_under_water_one_cm":11729,"minecraft:jump":1300,"minecraft:walk_on_water_one_cm":15888,"minecraft:interact_with_smoker":1,"minecraft:total_world_time":37130,"minecraft:fall_one_cm":34191},"minecraft:mined":{"minecraft:tuff":18,"minecraft:stone_brick_slab":1,"minecraft:crafting_table":4,"minecraft:short_grass":1,"minecraft:grass_block":5,"minecraft:sugar_cane":2,"minecraft:diorite":7,"minecraft:spawner":2,"minecraft:magma_block":1,"minecraft:furnace":2,"minecraft:birch_log":3,"minecraft:andesite":4,"minecraft:gold_block":1,"minecraft:oak_log":3,"minecraft:coal_ore":1,"minecraft:gravel":3,"minecraft:sand":2,"minecraft:dirt":12,"minecraft:stone":34,"minecraft:netherrack":5,"minecraft:deepslate":9}},"DataVersion":3953}