{"stats":{"minecraft:picked_up":{"minecraft:wooden_axe":1,"minecraft:birch_log":5,"minecraft:iron_chestplate":1,"minecraft:magma_block":1,"minecraft:crafting_table":4,"minecraft:cooked_beef":1,"minecraft:leather":6,"minecraft:tuff":19,"minecraft:oak_log":81,"minecraft:string":5,"minecraft:dirt":32,"minecraft:bone":9,"minecraft:cobbled_deepslate":15,"minecraft:raw_gold":16,"minecraft:iron_ingot":1,"minecraft:beef":6,"minecraft:iron_pickaxe":1,"minecraft:oak_planks":168,"minecraft:furnace":2,"minecraft:stick":2,"minecraft:raw_iron":24,"minecraft:sand":2,"minecraft:diorite":7,"minecraft:redstone":119,"minecraft:arrow":7,"minecraft:diamond":22,"minecraft:netherrack":4,"minecraft:coal":24,"minecraft:cobblestone":13},"minecraft:killed":{"minecraft:spider":1,"minecraft:skeleton":4,"minecraft:zombie":1,"minecraft:cow":4},"minecraft:dropped":{"minecraft:stone_axe":1,"minecraft:tuff":1,"minecraft:iron_chestplate":1},"minecraft:broken":{"minecraft:wooden_axe":1},"minecraft:killed_by":{"minecraft:player":2},"minecraft:used":{"minecraft:water_bucket":2,"minecraft:diorite":7,"minecraft:shield":5,"minecraft:diamond_axe":5,"minecraft:torch":2,"minecraft:dirt":17,"minecraft:sand":2,"minecraft:crafting_table":5,"minecraft:tuff":11,"minecraft:wooden_axe":13,"minecraft:diamond_pickaxe":3,"minecraft:lava_bucket":1,"minecraft:string":2,"minecraft:iron_pickaxe":54,"minecraft:stone_axe":8,"minecraft:diamond_chestplate":1,"minecraft:cobblestone":1,"minecraft:furnace":2,"minecraft:bucket":4,"minecraft:cooked_beef":4,"minecraft:cobbled_deepslate":2},"minecraft:crafted":{"minecraft:cooked_beef":5,"minecraft:oak_planks":168,"minecraft:diamond_axe":1,"minecraft:crafting_table":3,"minecraft:furnace":1,"minecraft:bucket":1,"minecraft:birch_planks":16,"minecraft:stone_axe":1,"minecraft:air":0,"minecraft:diamond_pickaxe":1,"minecraft:shield":1,"minecraft:stick":16,"minecraft:iron_ingot":11,"minecraft:iron_pickaxe":1,"minecraft:wooden_axe":1,"minecraft:torch":16,"minecraft:diamond_chestplate":1},"minecraft:custom":{"minecraft:interact_with_furnace":13,"minecraft:mob_kills":12,"minecraft:interact_with_crafting_table":14,"minecraft:leave_game":3,"minecraft:time_since_death":18522,"minecraft:time_since_rest":18547,"minecraft:sprint_one_cm":106432,"minecraft:damage_taken":721,"minecraft:walk_one_cm":46870,"minecraft:damage_blocked_by_shield":140,"minecraft:drop":3,"minecraft:damage_dealt":1975,"minecraft:swim_one_cm":16478,"minecraft:fly_one_cm":181599,"minecraft:player_kills":1,"minecraft:open_chest":3,"minecraft:crouch_one_cm":4551,"minecraft:play_time":26474,"minecraft:deaths":2,"minecraft:sneak_time":1420,"minecraft:walk_under_water_one_cm":6581,"minecraft:jump":911,"minecraft:walk_on_water_one_cm":10949,"minecraft:total_world_time":26474,"minecraft:interact_with_smoker":1,"minecraft:fall_one_cm":27128},"minecraft:mined":{"minecraft:tuff":18,"minecraft:crafting_table":4,"minecraft:short_grass":1,"minecraft:grass_block":5,"minecraft:diorite":7,"minecraft:spawner":1,"minecraft:magma_block":1,"minecraft:furnace":2,"minecraft:birch_log":3,"minecraft:oak_log":3,"minecraft:coal_ore":1,"minecraft:sand":2,"minecraft:dirt":12,"minecraft:stone":12,"minecraft:netherrack":5,"minecraft:deepslate":7}},"DataVersion":3953}