{"stats":{"minecraft:dropped":{"minecraft:wheat_seeds":24,"minecraft:weeping_vines":1,"minecraft:cobblestone":7,"minecraft:spruce_door":1,"minecraft:coal":10,"minecraft:crimson_roots":3,"minecraft:nether_wart_block":8,"minecraft:string":1,"minecraft:stone_brick_slab":1,"minecraft:stone_axe":1,"minecraft:sweet_berries":3,"minecraft:raw_copper":5,"minecraft:nether_wart":1,"minecraft:tuff":1,"minecraft:wheat":1,"minecraft:rotten_flesh":7,"minecraft:grindstone":1,"minecraft:iron_boots":1,"minecraft:filled_map":1,"minecraft:spruce_planks":108,"minecraft:iron_chestplate":1,"minecraft:bow":1,"minecraft:netherrack":2},"minecraft:crafted":{"minecraft:oak_planks":168,"minecraft:furnace":1,"minecraft:bone_meal":75,"minecraft:white_carpet":3,"minecraft:cooked_mutton":1,"minecraft:flint_and_steel":1,"minecraft:hopper":1,"minecraft:diamond_helmet":1,"minecraft:diamond_leggings":1,"minecraft:iron_boots":1,"minecraft:chest":7,"minecraft:diamond_boots":1,"minecraft:wheat":9,"minecraft:cooked_beef":7,"minecraft:crimson_planks":436,"minecraft:diamond_axe":1,"minecraft:crafting_table":112,"minecraft:enchanting_table":1,"minecraft:spruce_planks":300,"minecraft:baked_potato":81,"minecraft:bucket":1,"minecraft:birch_planks":16,"minecraft:stone_axe":1,"minecraft:bread":2,"minecraft:air":0,"minecraft:diamond_pickaxe":1,"minecraft:book":5,"minecraft:paper":18,"minecraft:shield":1,"minecraft:stick":16,"minecraft:iron_pickaxe":1,"minecraft:iron_ingot":79,"minecraft:wooden_axe":1,"minecraft:gold_ingot":25,"minecraft:iron_leggings":1,"minecraft:torch":16,"minecraft:diamond_chestplate":1},"minecraft:broken":{"minecraft:iron_pickaxe":1,"minecraft:wooden_axe":1},"minecraft:mined":{"minecraft:tuff":50,"minecraft:spruce_planks":34,"minecraft:cobblestone_stairs":10,"minecraft:obsidian":12,"minecraft:spruce_trapdoor":13,"minecraft:nether_bricks":7,"minecraft:grass_block":9,"minecraft:spruce_fence":8,"minecraft:crimson_roots":1,"minecraft:spruce_leaves":4,"minecraft:nether_wart":32,"minecraft:crimson_stem":1,"minecraft:spawner":2,"minecraft:large_fern":2,"minecraft:hay_block":34,"minecraft:weeping_vines_plant":2,"minecraft:magma_block":6,"minecraft:furnace":3,"minecraft:carrots":4,"minecraft:iron_ore":1,"minecraft:fire":10,"minecraft:cobbled_deepslate":2,"minecraft:andesite":4,"minecraft:gold_block":1,"minecraft:enchanting_table":1,"minecraft:potatoes":31,"minecraft:bamboo":3,"minecraft:stone":152,"minecraft:blackstone":18,"minecraft:soul_sand":40,"minecraft:crimson_nylium":38,"minecraft:smoker":2,"minecraft:basalt":40,"minecraft:stone_brick_slab":2,"minecraft:spruce_door":2,"minecraft:crafting_table":48,"minecraft:torch":3,"minecraft:short_grass":6,"minecraft:sculk_sensor":2,"minecraft:tall_grass":2,"minecraft:cobblestone":34,"minecraft:grindstone":2,"minecraft:oak_planks":7,"minecraft:sugar_cane":19,"minecraft:sculk":1,"minecraft:diorite":7,"minecraft:wall_torch":1,"minecraft:blue_bed":1,"minecraft:purple_bed":2,"minecraft:cobblestone_wall":2,"minecraft:nether_wart_block":18,"minecraft:birch_log":3,"minecraft:wheat":51,"minecraft:sweet_berry_bush":10,"minecraft:white_carpet":1,"minecraft:spruce_log":1,"minecraft:coal_ore":2,"minecraft:oak_log":3,"minecraft:gravel":17,"minecraft:sand":2,"minecraft:dirt":22,"minecraft:netherrack":291,"minecraft:oak_leaves":1,"minecraft:deepslate":52},"minecraft:used":{"minecraft:enchanting_table":2,"minecraft:flint_and_steel":15,"minecraft:chest":6,"minecraft:spruce_planks":241,"minecraft:shield":39,"minecraft:rotten_flesh":4,"minecraft:netherrack":134,"minecraft:torch":22,"minecraft:dirt":22,"minecraft:white_carpet":2,"minecraft:hopper":1,"minecraft:nether_bricks":7,"minecraft:carrot":9,"minecraft:diamond_helmet":1,"minecraft:salmon_bucket":1,"minecraft:tuff":46,"minecraft:spruce_fence":7,"minecraft:obsidian":14,"minecraft:wooden_axe":13,"minecraft:stone_brick_slab":1,"minecraft:lava_bucket":13,"minecraft:iron_boots":1,"minecraft:bamboo":38,"minecraft:diamond_chestplate":1,"minecraft:basalt":38,"minecraft:furnace":4,"minecraft:cooked_beef":8,"minecraft:potato":36,"minecraft:cobbled_deepslate":7,"minecraft:powder_snow_bucket":16,"minecraft:iron_leggings":1,"minecraft:wheat_seeds":16,"minecraft:cooked_mutton":7,"minecraft:water_bucket":48,"minecraft:diorite":8,"minecraft:diamond_boots":1,"minecraft:spruce_door":1,"minecraft:blackstone":16,"minecraft:oak_planks":36,"minecraft:baked_potato":34,"minecraft:diamond_axe":271,"minecraft:white_wool":2,"minecraft:golden_apple":1,"minecraft:sand":2,"minecraft:crafting_table":145,"minecraft:smoker":2,"minecraft:spruce_log":1,"minecraft:diamond_pickaxe":642,"minecraft:bread":15,"minecraft:string":2,"minecraft:iron_pickaxe":117,"minecraft:spruce_trapdoor":8,"minecraft:spruce_sapling":1,"minecraft:gravel":3,"minecraft:stone_axe":8,"minecraft:nether_wart_block":10,"minecraft:fire_charge":1,"minecraft:cobblestone":153,"minecraft:purple_bed":2,"minecraft:grindstone":1,"minecraft:bucket":79,"minecraft:andesite":4,"minecraft:bone_meal":64,"minecraft:diamond_leggings":1},"minecraft:killed_by":{"minecraft:player":2},"minecraft:picked_up":{"minecraft:wooden_axe":1,"minecraft:iron_chestplate":1,"minecraft:crafting_table":35,"minecraft:wheat":36,"minecraft:chicken":1,"minecraft:nether_wart":68,"minecraft:gold_block":1,"minecraft:string":5,"minecraft:raw_copper":5,"minecraft:white_carpet":2,"minecraft:blackstone":16,"minecraft:cobbled_deepslate":63,"minecraft:spruce_planks":88,"minecraft:beef":8,"minecraft:iron_pickaxe":1,"minecraft:sugar_cane":43,"minecraft:spruce_trapdoor":13,"minecraft:furnace":3,"minecraft:stick":2,"minecraft:raw_iron":111,"minecraft:torch":6,"minecraft:spruce_fence":8,"minecraft:diorite":8,"minecraft:carrot":11,"minecraft:redstone":123,"minecraft:arrow":19,"minecraft:weeping_vines":1,"minecraft:rotten_flesh":13,"minecraft:nether_bricks":7,"minecraft:hay_block":34,"minecraft:blaze_rod":2,"minecraft:mutton":13,"minecraft:obsidian":12,"minecraft:white_wool":5,"minecraft:cobblestone":179,"minecraft:birch_log":5,"minecraft:enchanting_table":1,"minecraft:magma_block":1,"minecraft:cooked_beef":1,"minecraft:basalt":38,"minecraft:crimson_stem":109,"minecraft:glow_ink_sac":8,"minecraft:andesite":4,"minecraft:leather":8,"minecraft:smoker":2,"minecraft:potato":109,"minecraft:filled_map":1,"minecraft:flint":2,"minecraft:tuff":47,"minecraft:oak_log":81,"minecraft:cobblestone_wall":2,"minecraft:nether_wart_block":18,"minecraft:gunpowder":2,"minecraft:cobblestone_stairs":10,"minecraft:lapis_lazuli":107,"minecraft:blue_bed":1,"minecraft:dirt":42,"minecraft:cooked_mutton":6,"minecraft:bone":23,"minecraft:bow":2,"minecraft:wheat_seeds":102,"minecraft:raw_gold":30,"minecraft:iron_ingot":1,"minecraft:grindstone":2,"minecraft:glowstone_dust":2,"minecraft:bamboo":38,"minecraft:soul_sand":40,"minecraft:oak_planks":175,"minecraft:sweet_berries":22,"minecraft:stone_brick_slab":2,"minecraft:poisonous_potato":1,"minecraft:gravel":27,"minecraft:sand":2,"minecraft:spruce_sapling":1,"minecraft:spruce_log":76,"minecraft:spruce_door":2,"minecraft:purple_bed":2,"minecraft:sugar":2,"minecraft:diamond":26,"minecraft:gray_wool":1,"minecraft:netherrack":212,"minecraft:coal":168,"minecraft:crimson_roots":5},"minecraft:killed":{"minecraft:witch":1,"minecraft:spider":2,"minecraft:skeleton":17,"minecraft:chicken":1,"minecraft:piglin":1,"minecraft:bat":2,"minecraft:hoglin":1,"minecraft:creeper":2,"minecraft:sheep":8,"minecraft:zombie":14,"minecraft:goat":1,"minecraft:wither_skeleton":6,"minecraft:blaze":8,"minecraft:cow":5},"minecraft:custom":{"minecraft:mob_kills":72,"minecraft:animals_bred":9,"minecraft:interact_with_crafting_table":29,"minecraft:leave_game":19,"minecraft:time_since_death":220019,"minecraft:sprint_one_cm":690949,"minecraft:walk_one_cm":494657,"minecraft:damage_blocked_by_shield":1479,"minecraft:drop":27,"minecraft:play_time":227971,"minecraft:deaths":2,"minecraft:sneak_time":21990,"minecraft:walk_under_water_one_cm":23029,"minecraft:jump":5728,"minecraft:walk_on_water_one_cm":53076,"minecraft:enchant_item":6,"minecraft:total_world_time":227971,"minecraft:interact_with_furnace":40,"minecraft:interact_with_grindstone":1,"minecraft:sleep_in_bed":8,"minecraft:time_since_rest":2472,"minecraft:damage_taken":3086,"minecraft:damage_absorbed":41,"minecraft:damage_dealt":13136,"minecraft:swim_one_cm":78402,"minecraft:fly_one_cm":972145,"minecraft:player_kills":2,"minecraft:open_chest":147,"minecraft:crouch_one_cm":74683,"minecraft:interact_with_smoker":25,"minecraft:fall_one_cm":143022}},"DataVersion":3953}