{"stats":{"minecraft:picked_up":{"minecraft:wooden_axe":1,"minecraft:birch_log":5,"minecraft:crafting_table":1,"minecraft:stick":2,"minecraft:bone":2,"minecraft:arrow":1,"minecraft:sand":2,"minecraft:oak_log":78,"minecraft:string":2},"minecraft:killed":{"minecraft:spider":1,"minecraft:skeleton":1},"minecraft:killed_by":{"minecraft:player":1},"minecraft:used":{"minecraft:wooden_axe":9,"minecraft:sand":2,"minecraft:crafting_table":1},"minecraft:crafted":{"minecraft:birch_planks":12,"minecraft:crafting_table":1,"minecraft:stick":4,"minecraft:wooden_axe":1},"minecraft:custom":{"minecraft:time_since_rest":939,"minecraft:crouch_one_cm":722,"minecraft:damage_taken":331,"minecraft:sprint_one_cm":10809,"minecraft:play_time":2438,"minecraft:walk_one_cm":6148,"minecraft:deaths":1,"minecraft:sneak_time":227,"minecraft:walk_under_water_one_cm":481,"minecraft:mob_kills":2,"minecraft:jump":60,"minecraft:damage_dealt":540,"minecraft:leave_game":2,"minecraft:walk_on_water_one_cm":1970,"minecraft:time_since_death":913,"minecraft:total_world_time":2438,"minecraft:interact_with_crafting_table":1,"minecraft:swim_one_cm":554,"minecraft:fall_one_cm":4027,"minecraft:fly_one_cm":9561,"minecraft:player_kills":1},"minecraft:mined":{"minecraft:short_grass":1,"minecraft:sand":2,"minecraft:birch_log":3,"minecraft:crafting_table":1}},"DataVersion":3953}