{"stats":{"minecraft:picked_up":{"minecraft:wooden_axe":1,"minecraft:birch_log":5,"minecraft:iron_chestplate":1,"minecraft:magma_block":1,"minecraft:crafting_table":4,"minecraft:cooked_beef":1,"minecraft:andesite":4,"minecraft:leather":8,"minecraft:smoker":2,"minecraft:filled_map":1,"minecraft:gold_block":1,"minecraft:tuff":19,"minecraft:oak_log":81,"minecraft:cobblestone_wall":2,"minecraft:lapis_lazuli":27,"minecraft:string":5,"minecraft:dirt":32,"minecraft:bone":14,"minecraft:bow":1,"minecraft:cobbled_deepslate":17,"minecraft:raw_gold":16,"minecraft:grindstone":2,"minecraft:beef":8,"minecraft:iron_ingot":1,"minecraft:iron_pickaxe":1,"minecraft:sugar_cane":6,"minecraft:spruce_trapdoor":3,"minecraft:oak_planks":168,"minecraft:furnace":2,"minecraft:stick":2,"minecraft:raw_iron":32,"minecraft:sweet_berries":22,"minecraft:stone_brick_slab":2,"minecraft:sand":2,"minecraft:diorite":7,"minecraft:redstone":119,"minecraft:arrow":13,"minecraft:purple_bed":1,"minecraft:rotten_flesh":4,"minecraft:diamond":22,"minecraft:hay_block":1,"minecraft:gray_wool":1,"minecraft:netherrack":6,"minecraft:obsidian":2,"minecraft:mutton":6,"minecraft:coal":38,"minecraft:white_wool":3,"minecraft:cobblestone":36},"minecraft:killed":{"minecraft:spider":1,"minecraft:skeleton":8,"minecraft:sheep":4,"minecraft:zombie":4,"minecraft:cow":5},"minecraft:dropped":{"minecraft:stone_axe":1,"minecraft:sweet_berries":3,"minecraft:tuff":1,"minecraft:cobblestone":2,"minecraft:rotten_flesh":4,"minecraft:grindstone":1,"minecraft:iron_boots":1,"minecraft:filled_map":1,"minecraft:iron_chestplate":1,"minecraft:bow":1,"minecraft:string":1,"minecraft:stone_brick_slab":1},"minecraft:broken":{"minecraft:wooden_axe":1},"minecraft:killed_by":{"minecraft:player":2},"minecraft:used":{"minecraft:cooked_mutton":1,"minecraft:water_bucket":3,"minecraft:diorite":7,"minecraft:oak_planks":8,"minecraft:chest":2,"minecraft:shield":15,"minecraft:diamond_axe":31,"minecraft:torch":2,"minecraft:dirt":17,"minecraft:sand":2,"minecraft:crafting_table":6,"minecraft:salmon_bucket":1,"minecraft:tuff":18,"minecraft:smoker":2,"minecraft:obsidian":3,"minecraft:stone_brick_slab":1,"minecraft:wooden_axe":13,"minecraft:diamond_pickaxe":6,"minecraft:lava_bucket":1,"minecraft:bread":1,"minecraft:string":2,"minecraft:iron_pickaxe":92,"minecraft:iron_boots":1,"minecraft:stone_axe":8,"minecraft:diamond_chestplate":1,"minecraft:fire_charge":1,"minecraft:cobblestone":21,"minecraft:purple_bed":1,"minecraft:furnace":3,"minecraft:grindstone":1,"minecraft:andesite":4,"minecraft:bucket":6,"minecraft:iron_leggings":1,"minecraft:cooked_beef":7,"minecraft:cobbled_deepslate":2},"minecraft:crafted":{"minecraft:cooked_beef":7,"minecraft:oak_planks":168,"minecraft:diamond_axe":1,"minecraft:crafting_table":3,"minecraft:furnace":1,"minecraft:bucket":1,"minecraft:birch_planks":16,"minecraft:stone_axe":1,"minecraft:bread":2,"minecraft:cooked_mutton":1,"minecraft:air":0,"minecraft:iron_boots":1,"minecraft:diamond_pickaxe":1,"minecraft:shield":1,"minecraft:stick":16,"minecraft:iron_ingot":23,"minecraft:iron_pickaxe":1,"minecraft:wooden_axe":1,"minecraft:iron_leggings":1,"minecraft:chest":2,"minecraft:gold_ingot":9,"minecraft:torch":16,"minecraft:wheat":9,"minecraft:diamond_chestplate":1},"minecraft:custom":{"minecraft:interact_with_furnace":22,"minecraft:mob_kills":25,"minecraft:animals_bred":1,"minecraft:interact_with_crafting_table":20,"minecraft:leave_game":4,"minecraft:time_since_death":41117,"minecraft:sleep_in_bed":2,"minecraft:time_since_rest":5452,"minecraft:sprint_one_cm":181959,"minecraft:damage_taken":978,"minecraft:walk_one_cm":93014,"minecraft:damage_blocked_by_shield":415,"minecraft:drop":12,"minecraft:damage_dealt":3837,"minecraft:swim_one_cm":59766,"minecraft:fly_one_cm":289818,"minecraft:player_kills":1,"minecraft:open_chest":32,"minecraft:crouch_one_cm":7181,"minecraft:play_time":49069,"minecraft:deaths":2,"minecraft:sneak_time":2401,"minecraft:walk_under_water_one_cm":13214,"minecraft:jump":1485,"minecraft:walk_on_water_one_cm":18021,"minecraft:interact_with_smoker":6,"minecraft:total_world_time":49069,"minecraft:fall_one_cm":37030},"minecraft:mined":{"minecraft:tuff":18,"minecraft:smoker":2,"minecraft:stone_brick_slab":1,"minecraft:obsidian":2,"minecraft:crafting_table":4,"minecraft:spruce_trapdoor":3,"minecraft:short_grass":2,"minecraft:grass_block":5,"minecraft:cobblestone":1,"minecraft:grindstone":2,"minecraft:sugar_cane":2,"minecraft:diorite":7,"minecraft:spawner":2,"minecraft:hay_block":1,"minecraft:purple_bed":1,"minecraft:magma_block":1,"minecraft:furnace":2,"minecraft:cobblestone_wall":2,"minecraft:sweet_berry_bush":10,"minecraft:birch_log":3,"minecraft:andesite":4,"minecraft:gold_block":1,"minecraft:coal_ore":1,"minecraft:oak_log":3,"minecraft:gravel":3,"minecraft:sand":2,"minecraft:dirt":12,"minecraft:stone":34,"minecraft:netherrack":5,"minecraft:deepslate":9}},"DataVersion":3953}