{"stats":{"minecraft:picked_up":{"minecraft:wooden_axe":1,"minecraft:crafting_table":16,"minecraft:iron_chestplate":1,"minecraft:gold_block":1,"minecraft:string":5,"minecraft:cobbled_deepslate":20,"minecraft:beef":8,"minecraft:iron_pickaxe":1,"minecraft:sugar_cane":6,"minecraft:spruce_trapdoor":3,"minecraft:furnace":2,"minecraft:raw_iron":39,"minecraft:stick":2,"minecraft:diorite":7,"minecraft:redstone":119,"minecraft:arrow":13,"minecraft:weeping_vines":1,"minecraft:rotten_flesh":4,"minecraft:hay_block":1,"minecraft:mutton":6,"minecraft:obsidian":2,"minecraft:cobblestone":36,"minecraft:white_wool":3,"minecraft:birch_log":5,"minecraft:magma_block":1,"minecraft:cooked_beef":1,"minecraft:crimson_stem":52,"minecraft:andesite":4,"minecraft:leather":8,"minecraft:smoker":2,"minecraft:filled_map":1,"minecraft:tuff":19,"minecraft:oak_log":81,"minecraft:nether_wart_block":6,"minecraft:cobblestone_wall":2,"minecraft:lapis_lazuli":27,"minecraft:dirt":32,"minecraft:bone":16,"minecraft:bow":1,"minecraft:raw_gold":16,"minecraft:iron_ingot":1,"minecraft:grindstone":2,"minecraft:oak_planks":168,"minecraft:sweet_berries":22,"minecraft:stone_brick_slab":2,"minecraft:sand":2,"minecraft:purple_bed":1,"minecraft:diamond":22,"minecraft:gray_wool":1,"minecraft:netherrack":27,"minecraft:coal":39},"minecraft:killed":{"minecraft:spider":1,"minecraft:skeleton":8,"minecraft:hoglin":1,"minecraft:sheep":4,"minecraft:zombie":4,"minecraft:wither_skeleton":1,"minecraft:blaze":3,"minecraft:cow":5},"minecraft:dropped":{"minecraft:cobblestone":2,"minecraft:string":1,"minecraft:stone_brick_slab":1,"minecraft:stone_axe":1,"minecraft:sweet_berries":3,"minecraft:tuff":1,"minecraft:rotten_flesh":4,"minecraft:grindstone":1,"minecraft:iron_boots":1,"minecraft:filled_map":1,"minecraft:iron_chestplate":1,"minecraft:bow":1},"minecraft:broken":{"minecraft:wooden_axe":1},"minecraft:used":{"minecraft:chest":2,"minecraft:shield":24,"minecraft:torch":2,"minecraft:dirt":17,"minecraft:salmon_bucket":1,"minecraft:tuff":18,"minecraft:obsidian":3,"minecraft:stone_brick_slab":1,"minecraft:wooden_axe":13,"minecraft:lava_bucket":1,"minecraft:iron_boots":1,"minecraft:diamond_chestplate":1,"minecraft:furnace":3,"minecraft:cooked_beef":8,"minecraft:cobbled_deepslate":2,"minecraft:iron_leggings":1,"minecraft:cooked_mutton":1,"minecraft:water_bucket":3,"minecraft:diorite":7,"minecraft:oak_planks":25,"minecraft:diamond_axe":70,"minecraft:sand":2,"minecraft:crafting_table":62,"minecraft:smoker":2,"minecraft:diamond_pickaxe":112,"minecraft:bread":4,"minecraft:string":2,"minecraft:iron_pickaxe":100,"minecraft:stone_axe":8,"minecraft:fire_charge":1,"minecraft:cobblestone":21,"minecraft:purple_bed":1,"minecraft:grindstone":1,"minecraft:bucket":6,"minecraft:andesite":4},"minecraft:killed_by":{"minecraft:player":2},"minecraft:crafted":{"minecraft:oak_planks":168,"minecraft:furnace":1,"minecraft:cooked_mutton":1,"minecraft:iron_boots":1,"minecraft:chest":2,"minecraft:wheat":9,"minecraft:cooked_beef":7,"minecraft:crimson_planks":208,"minecraft:diamond_axe":1,"minecraft:crafting_table":55,"minecraft:bucket":1,"minecraft:birch_planks":16,"minecraft:stone_axe":1,"minecraft:bread":2,"minecraft:air":0,"minecraft:diamond_pickaxe":1,"minecraft:shield":1,"minecraft:stick":16,"minecraft:iron_ingot":23,"minecraft:iron_pickaxe":1,"minecraft:wooden_axe":1,"minecraft:gold_ingot":9,"minecraft:iron_leggings":1,"minecraft:torch":16,"minecraft:diamond_chestplate":1},"minecraft:custom":{"minecraft:mob_kills":30,"minecraft:animals_bred":1,"minecraft:interact_with_crafting_table":21,"minecraft:leave_game":4,"minecraft:time_since_death":53117,"minecraft:sprint_one_cm":211792,"minecraft:walk_one_cm":117962,"minecraft:damage_blocked_by_shield":705,"minecraft:drop":12,"minecraft:play_time":61069,"minecraft:deaths":2,"minecraft:sneak_time":6469,"minecraft:walk_under_water_one_cm":13214,"minecraft:jump":1758,"minecraft:walk_on_water_one_cm":18021,"minecraft:total_world_time":61069,"minecraft:interact_with_furnace":24,"minecraft:sleep_in_bed":2,"minecraft:time_since_rest":17452,"minecraft:damage_taken":1232,"minecraft:damage_dealt":5417,"minecraft:swim_one_cm":59766,"minecraft:fly_one_cm":336559,"minecraft:player_kills":1,"minecraft:open_chest":33,"minecraft:crouch_one_cm":19076,"minecraft:interact_with_smoker":6,"minecraft:fall_one_cm":43131},"minecraft:mined":{"minecraft:tuff":18,"minecraft:obsidian":2,"minecraft:spruce_trapdoor":3,"minecraft:grass_block":5,"minecraft:crimson_roots":1,"minecraft:crimson_stem":1,"minecraft:spawner":2,"minecraft:hay_block":1,"minecraft:weeping_vines_plant":2,"minecraft:magma_block":1,"minecraft:furnace":2,"minecraft:andesite":4,"minecraft:gold_block":1,"minecraft:stone":34,"minecraft:smoker":2,"minecraft:crimson_nylium":20,"minecraft:stone_brick_slab":1,"minecraft:crafting_table":20,"minecraft:short_grass":2,"minecraft:cobblestone":1,"minecraft:grindstone":2,"minecraft:sugar_cane":2,"minecraft:diorite":7,"minecraft:purple_bed":1,"minecraft:cobblestone_wall":2,"minecraft:nether_wart_block":9,"minecraft:birch_log":3,"minecraft:sweet_berry_bush":10,"minecraft:oak_log":3,"minecraft:coal_ore":1,"minecraft:sand":2,"minecraft:gravel":3,"minecraft:dirt":12,"minecraft:netherrack":98,"minecraft:deepslate":9}},"DataVersion":3953}