{"stats":{"minecraft:picked_up":{"minecraft:wooden_axe":1,"minecraft:iron_chestplate":1,"minecraft:crafting_table":35,"minecraft:wheat":18,"minecraft:chicken":1,"minecraft:nether_wart":68,"minecraft:gold_block":1,"minecraft:string":5,"minecraft:raw_copper":5,"minecraft:white_carpet":1,"minecraft:cobbled_deepslate":62,"minecraft:spruce_planks":66,"minecraft:beef":8,"minecraft:iron_pickaxe":1,"minecraft:sugar_cane":36,"minecraft:spruce_trapdoor":13,"minecraft:furnace":3,"minecraft:stick":2,"minecraft:raw_iron":79,"minecraft:torch":5,"minecraft:spruce_fence":8,"minecraft:diorite":7,"minecraft:carrot":11,"minecraft:redstone":123,"minecraft:arrow":15,"minecraft:weeping_vines":1,"minecraft:rotten_flesh":10,"minecraft:nether_bricks":2,"minecraft:hay_block":1,"minecraft:blaze_rod":1,"minecraft:mutton":6,"minecraft:obsidian":2,"minecraft:cobblestone":64,"minecraft:white_wool":3,"minecraft:birch_log":5,"minecraft:magma_block":1,"minecraft:cooked_beef":1,"minecraft:crimson_stem":109,"minecraft:andesite":4,"minecraft:leather":8,"minecraft:smoker":2,"minecraft:potato":109,"minecraft:filled_map":1,"minecraft:flint":1,"minecraft:tuff":47,"minecraft:oak_log":81,"minecraft:cobblestone_wall":2,"minecraft:nether_wart_block":15,"minecraft:gunpowder":2,"minecraft:cobblestone_stairs":10,"minecraft:lapis_lazuli":94,"minecraft:dirt":41,"minecraft:cooked_mutton":2,"minecraft:bone":23,"minecraft:bow":2,"minecraft:wheat_seeds":53,"minecraft:raw_gold":30,"minecraft:iron_ingot":1,"minecraft:grindstone":2,"minecraft:glowstone_dust":2,"minecraft:bamboo":38,"minecraft:soul_sand":40,"minecraft:oak_planks":175,"minecraft:sweet_berries":22,"minecraft:stone_brick_slab":2,"minecraft:poisonous_potato":1,"minecraft:gravel":22,"minecraft:sand":2,"minecraft:spruce_sapling":1,"minecraft:spruce_log":76,"minecraft:spruce_door":2,"minecraft:purple_bed":2,"minecraft:sugar":2,"minecraft:diamond":26,"minecraft:gray_wool":1,"minecraft:netherrack":52,"minecraft:coal":105,"minecraft:crimson_roots":2},"minecraft:killed":{"minecraft:witch":1,"minecraft:spider":1,"minecraft:skeleton":12,"minecraft:chicken":1,"minecraft:bat":1,"minecraft:hoglin":1,"minecraft:creeper":2,"minecraft:sheep":4,"minecraft:zombie":8,"minecraft:wither_skeleton":5,"minecraft:blaze":6,"minecraft:cow":5},"minecraft:dropped":{"minecraft:wheat_seeds":24,"minecraft:weeping_vines":1,"minecraft:cobblestone":2,"minecraft:spruce_door":1,"minecraft:coal":10,"minecraft:crimson_roots":2,"minecraft:nether_wart_block":8,"minecraft:string":1,"minecraft:stone_brick_slab":1,"minecraft:stone_axe":1,"minecraft:sweet_berries":3,"minecraft:nether_wart":1,"minecraft:raw_copper":5,"minecraft:tuff":1,"minecraft:rotten_flesh":4,"minecraft:grindstone":1,"minecraft:iron_boots":1,"minecraft:filled_map":1,"minecraft:spruce_planks":108,"minecraft:iron_chestplate":1,"minecraft:bow":1},"minecraft:broken":{"minecraft:iron_pickaxe":1,"minecraft:wooden_axe":1},"minecraft:used":{"minecraft:chest":6,"minecraft:spruce_planks":153,"minecraft:shield":33,"minecraft:rotten_flesh":4,"minecraft:netherrack":34,"minecraft:torch":20,"minecraft:dirt":21,"minecraft:white_carpet":1,"minecraft:hopper":1,"minecraft:nether_bricks":2,"minecraft:carrot":9,"minecraft:salmon_bucket":1,"minecraft:tuff":46,"minecraft:spruce_fence":7,"minecraft:obsidian":3,"minecraft:wooden_axe":13,"minecraft:stone_brick_slab":1,"minecraft:lava_bucket":1,"minecraft:iron_boots":1,"minecraft:bamboo":38,"minecraft:diamond_chestplate":1,"minecraft:furnace":4,"minecraft:cooked_beef":8,"minecraft:potato":36,"minecraft:cobbled_deepslate":6,"minecraft:iron_leggings":1,"minecraft:wheat_seeds":16,"minecraft:cooked_mutton":3,"minecraft:water_bucket":17,"minecraft:diorite":7,"minecraft:spruce_door":1,"minecraft:oak_planks":36,"minecraft:baked_potato":5,"minecraft:diamond_axe":203,"minecraft:sand":2,"minecraft:crafting_table":144,"minecraft:smoker":2,"minecraft:spruce_log":1,"minecraft:diamond_pickaxe":266,"minecraft:bread":15,"minecraft:string":2,"minecraft:iron_pickaxe":117,"minecraft:spruce_trapdoor":8,"minecraft:spruce_sapling":1,"minecraft:stone_axe":8,"minecraft:nether_wart_block":7,"minecraft:fire_charge":1,"minecraft:cobblestone":32,"minecraft:purple_bed":2,"minecraft:grindstone":1,"minecraft:bucket":20,"minecraft:andesite":4,"minecraft:bone_meal":64},"minecraft:killed_by":{"minecraft:player":2},"minecraft:crafted":{"minecraft:oak_planks":168,"minecraft:furnace":1,"minecraft:bone_meal":75,"minecraft:white_carpet":3,"minecraft:cooked_mutton":1,"minecraft:hopper":1,"minecraft:iron_boots":1,"minecraft:chest":7,"minecraft:wheat":9,"minecraft:cooked_beef":7,"minecraft:crimson_planks":436,"minecraft:diamond_axe":1,"minecraft:crafting_table":112,"minecraft:spruce_planks":280,"minecraft:baked_potato":46,"minecraft:bucket":1,"minecraft:birch_planks":16,"minecraft:stone_axe":1,"minecraft:bread":2,"minecraft:air":0,"minecraft:diamond_pickaxe":1,"minecraft:shield":1,"minecraft:stick":16,"minecraft:iron_ingot":44,"minecraft:iron_pickaxe":1,"minecraft:wooden_axe":1,"minecraft:iron_leggings":1,"minecraft:gold_ingot":25,"minecraft:torch":16,"minecraft:diamond_chestplate":1},"minecraft:custom":{"minecraft:mob_kills":50,"minecraft:animals_bred":9,"minecraft:interact_with_crafting_table":26,"minecraft:leave_game":8,"minecraft:time_since_death":132455,"minecraft:sprint_one_cm":469006,"minecraft:walk_one_cm":321100,"minecraft:damage_blocked_by_shield":1179,"minecraft:drop":22,"minecraft:play_time":140407,"minecraft:deaths":2,"minecraft:sneak_time":14264,"minecraft:walk_under_water_one_cm":19015,"minecraft:jump":3553,"minecraft:walk_on_water_one_cm":30506,"minecraft:total_world_time":140407,"minecraft:interact_with_furnace":36,"minecraft:interact_with_grindstone":1,"minecraft:sleep_in_bed":3,"minecraft:time_since_rest":46618,"minecraft:damage_taken":1706,"minecraft:damage_dealt":9634,"minecraft:fly_one_cm":660468,"minecraft:swim_one_cm":70664,"minecraft:player_kills":2,"minecraft:open_chest":87,"minecraft:crouch_one_cm":46470,"minecraft:interact_with_smoker":23,"minecraft:fall_one_cm":79040},"minecraft:mined":{"minecraft:tuff":50,"minecraft:spruce_planks":13,"minecraft:cobblestone_stairs":10,"minecraft:obsidian":2,"minecraft:spruce_trapdoor":13,"minecraft:nether_bricks":2,"minecraft:grass_block":8,"minecraft:spruce_fence":8,"minecraft:crimson_roots":1,"minecraft:spruce_leaves":4,"minecraft:nether_wart":32,"minecraft:crimson_stem":1,"minecraft:spawner":2,"minecraft:large_fern":2,"minecraft:hay_block":1,"minecraft:weeping_vines_plant":2,"minecraft:magma_block":1,"minecraft:furnace":3,"minecraft:carrots":4,"minecraft:andesite":4,"minecraft:gold_block":1,"minecraft:potatoes":31,"minecraft:bamboo":3,"minecraft:stone":42,"minecraft:soul_sand":40,"minecraft:crimson_nylium":31,"minecraft:smoker":2,"minecraft:stone_brick_slab":1,"minecraft:spruce_door":2,"minecraft:crafting_table":48,"minecraft:torch":3,"minecraft:short_grass":2,"minecraft:cobblestone":22,"minecraft:grindstone":2,"minecraft:sugar_cane":17,"minecraft:oak_planks":7,"minecraft:diorite":7,"minecraft:wall_torch":1,"minecraft:purple_bed":2,"minecraft:cobblestone_wall":2,"minecraft:nether_wart_block":16,"minecraft:birch_log":3,"minecraft:wheat":22,"minecraft:sweet_berry_bush":10,"minecraft:white_carpet":1,"minecraft:spruce_log":1,"minecraft:coal_ore":1,"minecraft:oak_log":3,"minecraft:gravel":10,"minecraft:sand":2,"minecraft:dirt":18,"minecraft:netherrack":131,"minecraft:oak_leaves":1,"minecraft:deepslate":52}},"DataVersion":3953}