{"stats":{"minecraft:picked_up":{"minecraft:wooden_axe":1,"minecraft:iron_chestplate":1,"minecraft:crafting_table":35,"minecraft:wheat":14,"minecraft:chicken":1,"minecraft:nether_wart":68,"minecraft:gold_block":1,"minecraft:string":5,"minecraft:white_carpet":1,"minecraft:cobbled_deepslate":20,"minecraft:spruce_planks":10,"minecraft:beef":8,"minecraft:iron_pickaxe":1,"minecraft:sugar_cane":36,"minecraft:spruce_trapdoor":13,"minecraft:furnace":2,"minecraft:stick":2,"minecraft:raw_iron":39,"minecraft:torch":1,"minecraft:spruce_fence":8,"minecraft:diorite":7,"minecraft:redstone":119,"minecraft:arrow":15,"minecraft:weeping_vines":1,"minecraft:rotten_flesh":4,"minecraft:nether_bricks":2,"minecraft:hay_block":1,"minecraft:blaze_rod":1,"minecraft:obsidian":2,"minecraft:mutton":6,"minecraft:cobblestone":57,"minecraft:white_wool":3,"minecraft:birch_log":5,"minecraft:magma_block":1,"minecraft:cooked_beef":1,"minecraft:crimson_stem":109,"minecraft:andesite":4,"minecraft:leather":8,"minecraft:smoker":2,"minecraft:filled_map":1,"minecraft:tuff":19,"minecraft:oak_log":81,"minecraft:nether_wart_block":15,"minecraft:cobblestone_wall":2,"minecraft:cobblestone_stairs":10,"minecraft:lapis_lazuli":27,"minecraft:dirt":38,"minecraft:bone":21,"minecraft:bow":1,"minecraft:wheat_seeds":41,"minecraft:raw_gold":16,"minecraft:grindstone":2,"minecraft:iron_ingot":1,"minecraft:soul_sand":40,"minecraft:oak_planks":175,"minecraft:sweet_berries":22,"minecraft:stone_brick_slab":2,"minecraft:sand":2,"minecraft:spruce_log":71,"minecraft:spruce_door":2,"minecraft:purple_bed":2,"minecraft:diamond":22,"minecraft:gray_wool":1,"minecraft:netherrack":52,"minecraft:coal":41,"minecraft:crimson_roots":2},"minecraft:killed":{"minecraft:spider":1,"minecraft:skeleton":10,"minecraft:chicken":1,"minecraft:hoglin":1,"minecraft:sheep":4,"minecraft:zombie":4,"minecraft:wither_skeleton":5,"minecraft:blaze":6,"minecraft:cow":5},"minecraft:dropped":{"minecraft:wheat_seeds":24,"minecraft:weeping_vines":1,"minecraft:cobblestone":2,"minecraft:spruce_door":1,"minecraft:crimson_roots":2,"minecraft:nether_wart_block":8,"minecraft:string":1,"minecraft:stone_brick_slab":1,"minecraft:stone_axe":1,"minecraft:sweet_berries":3,"minecraft:nether_wart":1,"minecraft:tuff":1,"minecraft:rotten_flesh":4,"minecraft:grindstone":1,"minecraft:iron_boots":1,"minecraft:filled_map":1,"minecraft:iron_chestplate":1,"minecraft:bow":1},"minecraft:broken":{"minecraft:iron_pickaxe":1,"minecraft:wooden_axe":1},"minecraft:used":{"minecraft:spruce_planks":138,"minecraft:chest":4,"minecraft:shield":32,"minecraft:netherrack":34,"minecraft:torch":4,"minecraft:dirt":18,"minecraft:white_carpet":1,"minecraft:hopper":1,"minecraft:nether_bricks":2,"minecraft:salmon_bucket":1,"minecraft:tuff":18,"minecraft:spruce_fence":7,"minecraft:obsidian":3,"minecraft:stone_brick_slab":1,"minecraft:wooden_axe":13,"minecraft:lava_bucket":1,"minecraft:iron_boots":1,"minecraft:diamond_chestplate":1,"minecraft:furnace":3,"minecraft:cooked_beef":8,"minecraft:cobbled_deepslate":5,"minecraft:iron_leggings":1,"minecraft:wheat_seeds":16,"minecraft:cooked_mutton":1,"minecraft:water_bucket":5,"minecraft:diorite":7,"minecraft:spruce_door":1,"minecraft:oak_planks":36,"minecraft:diamond_axe":167,"minecraft:sand":2,"minecraft:crafting_table":144,"minecraft:spruce_log":1,"minecraft:smoker":2,"minecraft:diamond_pickaxe":176,"minecraft:bread":12,"minecraft:string":2,"minecraft:iron_pickaxe":117,"minecraft:spruce_trapdoor":8,"minecraft:stone_axe":8,"minecraft:nether_wart_block":7,"minecraft:fire_charge":1,"minecraft:cobblestone":26,"minecraft:purple_bed":1,"minecraft:grindstone":1,"minecraft:andesite":4,"minecraft:bucket":8},"minecraft:killed_by":{"minecraft:player":2},"minecraft:crafted":{"minecraft:oak_planks":168,"minecraft:furnace":1,"minecraft:white_carpet":3,"minecraft:cooked_mutton":1,"minecraft:hopper":1,"minecraft:iron_boots":1,"minecraft:chest":5,"minecraft:wheat":9,"minecraft:cooked_beef":7,"minecraft:crimson_planks":436,"minecraft:diamond_axe":1,"minecraft:crafting_table":112,"minecraft:spruce_planks":280,"minecraft:bucket":1,"minecraft:birch_planks":16,"minecraft:stone_axe":1,"minecraft:bread":2,"minecraft:air":0,"minecraft:diamond_pickaxe":1,"minecraft:shield":1,"minecraft:stick":16,"minecraft:iron_ingot":39,"minecraft:iron_pickaxe":1,"minecraft:wooden_axe":1,"minecraft:iron_leggings":1,"minecraft:gold_ingot":9,"minecraft:torch":16,"minecraft:diamond_chestplate":1},"minecraft:custom":{"minecraft:mob_kills":40,"minecraft:animals_bred":3,"minecraft:interact_with_crafting_table":24,"minecraft:leave_game":5,"minecraft:time_since_death":85790,"minecraft:sprint_one_cm":296434,"minecraft:walk_one_cm":219771,"minecraft:damage_blocked_by_shield":1075,"minecraft:drop":18,"minecraft:play_time":93742,"minecraft:deaths":2,"minecraft:sneak_time":12351,"minecraft:walk_under_water_one_cm":15147,"minecraft:jump":2389,"minecraft:walk_on_water_one_cm":19725,"minecraft:total_world_time":93742,"minecraft:interact_with_furnace":28,"minecraft:sleep_in_bed":2,"minecraft:time_since_rest":50125,"minecraft:damage_taken":1423,"minecraft:damage_dealt":7327,"minecraft:swim_one_cm":62182,"minecraft:fly_one_cm":452528,"minecraft:player_kills":2,"minecraft:open_chest":51,"minecraft:crouch_one_cm":39696,"minecraft:interact_with_smoker":6,"minecraft:fall_one_cm":52076},"minecraft:mined":{"minecraft:tuff":18,"minecraft:spruce_planks":11,"minecraft:cobblestone_stairs":10,"minecraft:obsidian":2,"minecraft:spruce_trapdoor":13,"minecraft:nether_bricks":2,"minecraft:spruce_fence":8,"minecraft:grass_block":6,"minecraft:crimson_roots":1,"minecraft:spruce_leaves":1,"minecraft:nether_wart":32,"minecraft:crimson_stem":1,"minecraft:spawner":2,"minecraft:large_fern":2,"minecraft:hay_block":1,"minecraft:weeping_vines_plant":2,"minecraft:magma_block":1,"minecraft:furnace":2,"minecraft:andesite":4,"minecraft:gold_block":1,"minecraft:stone":34,"minecraft:soul_sand":40,"minecraft:crimson_nylium":31,"minecraft:smoker":2,"minecraft:stone_brick_slab":1,"minecraft:spruce_door":2,"minecraft:crafting_table":48,"minecraft:short_grass":2,"minecraft:cobblestone":22,"minecraft:grindstone":2,"minecraft:oak_planks":7,"minecraft:sugar_cane":17,"minecraft:diorite":7,"minecraft:purple_bed":2,"minecraft:cobblestone_wall":2,"minecraft:nether_wart_block":16,"minecraft:wheat":16,"minecraft:birch_log":3,"minecraft:sweet_berry_bush":10,"minecraft:white_carpet":1,"minecraft:spruce_log":1,"minecraft:oak_log":3,"minecraft:coal_ore":1,"minecraft:gravel":3,"minecraft:sand":2,"minecraft:dirt":17,"minecraft:netherrack":131,"minecraft:deepslate":9}},"DataVersion":3953}