{"stats":{"minecraft:dropped":{"minecraft:weeping_vines":1,"minecraft:crimson_roots":3,"minecraft:stone_axe":1,"minecraft:wheat":1,"minecraft:rotten_flesh":7,"minecraft:grindstone":1,"minecraft:netherrack":2,"minecraft:wheat_seeds":25,"minecraft:cobblestone":7,"minecraft:spruce_door":1,"minecraft:coal":10,"minecraft:nether_wart_block":8,"minecraft:string":1,"minecraft:stone_brick_slab":1,"minecraft:sweet_berries":3,"minecraft:nether_wart":1,"minecraft:raw_copper":5,"minecraft:tuff":1,"minecraft:iron_boots":1,"minecraft:filled_map":1,"minecraft:spruce_planks":108,"minecraft:iron_chestplate":1,"minecraft:bow":1},"minecraft:crafted":{"minecraft:oak_planks":172,"minecraft:cooked_mutton":1,"minecraft:hopper":1,"minecraft:diamond_helmet":1,"minecraft:diamond_leggings":1,"minecraft:iron_boots":1,"minecraft:chest":7,"minecraft:diamond_axe":1,"minecraft:crafting_table":112,"minecraft:spruce_planks":300,"minecraft:baked_potato":81,"minecraft:birch_planks":16,"minecraft:book":5,"minecraft:paper":18,"minecraft:diamond_pickaxe":1,"minecraft:shield":1,"minecraft:stick":16,"minecraft:iron_ingot":79,"minecraft:iron_pickaxe":1,"minecraft:gold_ingot":25,"minecraft:furnace":1,"minecraft:bone_meal":75,"minecraft:white_carpet":3,"minecraft:flint_and_steel":1,"minecraft:diamond_boots":1,"minecraft:wheat":666,"minecraft:cooked_beef":7,"minecraft:crimson_planks":436,"minecraft:enchanting_table":1,"minecraft:bucket":2,"minecraft:stone_axe":1,"minecraft:bread":171,"minecraft:air":0,"minecraft:wooden_axe":1,"minecraft:iron_leggings":1,"minecraft:acacia_planks":8,"minecraft:torch":16,"minecraft:diamond_chestplate":1},"minecraft:broken":{"minecraft:wooden_axe":1,"minecraft:iron_pickaxe":1},"minecraft:mined":{"minecraft:spruce_planks":34,"minecraft:white_bed":2,"minecraft:cobblestone_stairs":10,"minecraft:brewing_stand":3,"minecraft:obsidian":12,"minecraft:spruce_trapdoor":13,"minecraft:grass_block":10,"minecraft:composter":1,"minecraft:nether_wart":32,"minecraft:spawner":2,"minecraft:weeping_vines_plant":2,"minecraft:magma_block":6,"minecraft:iron_ore":1,"minecraft:cobbled_deepslate":2,"minecraft:fire":10,"minecraft:enchanting_table":1,"minecraft:water_cauldron":4,"minecraft:dirt_path":1,"minecraft:oak_stairs":2,"minecraft:orange_bed":5,"minecraft:red_bed":8,"minecraft:blackstone":18,"minecraft:smoker":4,"minecraft:crimson_nylium":38,"minecraft:torch":3,"minecraft:blast_furnace":1,"minecraft:chest":8,"minecraft:cobblestone":34,"minecraft:grindstone":2,"minecraft:oak_planks":7,"minecraft:sugar_cane":22,"minecraft:wall_torch":1,"minecraft:nether_wart_block":18,"minecraft:wheat":51,"minecraft:birch_log":3,"minecraft:oak_log":4,"minecraft:sand":2,"minecraft:dirt":27,"minecraft:stonecutter":1,"minecraft:netherrack":291,"minecraft:deepslate":52,"minecraft:oak_leaves":1,"minecraft:yellow_terracotta":1,"minecraft:tuff":50,"minecraft:nether_bricks":7,"minecraft:spruce_fence":8,"minecraft:crimson_roots":1,"minecraft:spruce_leaves":4,"minecraft:cartography_table":2,"minecraft:crimson_stem":1,"minecraft:large_fern":2,"minecraft:hay_block":88,"minecraft:furnace":3,"minecraft:carrots":4,"minecraft:acacia_wood":2,"minecraft:acacia_stairs":3,"minecraft:andesite":4,"minecraft:gold_block":1,"minecraft:bell":1,"minecraft:potatoes":31,"minecraft:bamboo":3,"minecraft:stone":194,"minecraft:soul_sand":40,"minecraft:basalt":40,"minecraft:stone_brick_slab":2,"minecraft:spruce_door":2,"minecraft:crafting_table":48,"minecraft:short_grass":15,"minecraft:sculk_sensor":2,"minecraft:lectern":1,"minecraft:tall_grass":5,"minecraft:sculk":1,"minecraft:diorite":7,"minecraft:blue_bed":1,"minecraft:purple_bed":2,"minecraft:cobblestone_wall":2,"minecraft:sweet_berry_bush":10,"minecraft:white_carpet":1,"minecraft:spruce_log":1,"minecraft:yellow_bed":4,"minecraft:coal_ore":2,"minecraft:gravel":17,"minecraft:acacia_door":3},"minecraft:used":{"minecraft:chest":14,"minecraft:shield":40,"minecraft:bell":1,"minecraft:rotten_flesh":4,"minecraft:nether_bricks":7,"minecraft:carrot":9,"minecraft:tuff":46,"minecraft:obsidian":14,"minecraft:lava_bucket":13,"minecraft:furnace":4,"minecraft:egg":1,"minecraft:potato":36,"minecraft:diorite":8,"minecraft:diamond_boots":1,"minecraft:spruce_door":1,"minecraft:oak_planks":40,"minecraft:blackstone":16,"minecraft:blue_bed":1,"minecraft:diamond_axe":326,"minecraft:sugar_cane":5,"minecraft:white_wool":2,"minecraft:golden_apple":1,"minecraft:sand":2,"minecraft:yellow_terracotta":1,"minecraft:acacia_door":3,"minecraft:bread":28,"minecraft:string":2,"minecraft:gravel":3,"minecraft:nether_wart_block":10,"minecraft:fire_charge":1,"minecraft:grindstone":1,"minecraft:andesite":4,"minecraft:bone_meal":64,"minecraft:enchanting_table":2,"minecraft:flint_and_steel":25,"minecraft:spruce_planks":241,"minecraft:netherrack":134,"minecraft:orange_bed":5,"minecraft:torch":22,"minecraft:dirt":25,"minecraft:white_carpet":2,"minecraft:hopper":1,"minecraft:diamond_helmet":1,"minecraft:salmon_bucket":1,"minecraft:spruce_fence":7,"minecraft:stone_brick_slab":1,"minecraft:wooden_axe":13,"minecraft:oak_stairs":2,"minecraft:iron_boots":1,"minecraft:bamboo":38,"minecraft:diamond_chestplate":1,"minecraft:basalt":38,"minecraft:cooked_beef":8,"minecraft:cobbled_deepslate":7,"minecraft:acacia_planks":8,"minecraft:powder_snow_bucket":20,"minecraft:iron_leggings":1,"minecraft:wheat_seeds":16,"minecraft:cooked_mutton":7,"minecraft:water_bucket":58,"minecraft:baked_potato":37,"minecraft:crafting_table":145,"minecraft:red_bed":7,"minecraft:white_bed":2,"minecraft:spruce_log":1,"minecraft:smoker":2,"minecraft:diamond_pickaxe":705,"minecraft:iron_pickaxe":117,"minecraft:spruce_trapdoor":8,"minecraft:spruce_sapling":1,"minecraft:stone_axe":8,"minecraft:cobblestone":153,"minecraft:purple_bed":2,"minecraft:bucket":94,"minecraft:yellow_bed":4,"minecraft:diamond_leggings":1},"minecraft:killed_by":{"minecraft:player":2},"minecraft:picked_up":{"minecraft:wooden_axe":1,"minecraft:iron_chestplate":1,"minecraft:wheat":36,"minecraft:oak_stairs":2,"minecraft:brewing_stand":3,"minecraft:string":5,"minecraft:raw_copper":11,"minecraft:cobbled_deepslate":63,"minecraft:spruce_planks":88,"minecraft:iron_pickaxe":1,"minecraft:enchanted_golden_apple":3,"minecraft:furnace":3,"minecraft:stick":66,"minecraft:composter":1,"minecraft:torch":9,"minecraft:diorite":8,"minecraft:orange_bed":5,"minecraft:rotten_flesh":15,"minecraft:blaze_rod":2,"minecraft:obsidian":12,"minecraft:cobblestone":235,"minecraft:birch_log":5,"minecraft:enchanting_table":1,"minecraft:magma_block":1,"minecraft:cooked_beef":1,"minecraft:andesite":4,"minecraft:smoker":4,"minecraft:potato":109,"minecraft:flint":2,"minecraft:tuff":47,"minecraft:lapis_lazuli":232,"minecraft:map":2,"minecraft:dirt":45,"minecraft:bone":23,"minecraft:bow":2,"minecraft:stonecutter":1,"minecraft:wheat_seeds":103,"minecraft:raw_gold":50,"minecraft:bell":1,"minecraft:grindstone":2,"minecraft:glowstone_dust":2,"minecraft:bamboo":38,"minecraft:oak_planks":175,"minecraft:poisonous_potato":1,"minecraft:sand":2,"minecraft:acacia_stairs":3,"minecraft:sugar":2,"minecraft:diamond":107,"minecraft:golden_apple":6,"minecraft:emerald":18,"minecraft:netherrack":212,"minecraft:crimson_roots":5,"minecraft:charcoal":64,"minecraft:crafting_table":35,"minecraft:chicken":1,"minecraft:nether_wart":68,"minecraft:gold_block":1,"minecraft:red_bed":7,"minecraft:acacia_door":3,"minecraft:white_carpet":2,"minecraft:item_frame":10,"minecraft:blackstone":16,"minecraft:cartography_table":2,"minecraft:beef":9,"minecraft:poppy":1,"minecraft:lectern":1,"minecraft:sugar_cane":48,"minecraft:chest":8,"minecraft:spruce_trapdoor":13,"minecraft:egg":1,"minecraft:raw_iron":212,"minecraft:spruce_fence":8,"minecraft:carrot":11,"minecraft:redstone":123,"minecraft:arrow":19,"minecraft:weeping_vines":1,"minecraft:golden_hoe":1,"minecraft:nether_bricks":7,"minecraft:diamond_boots":1,"minecraft:hay_block":88,"minecraft:yellow_terracotta":1,"minecraft:gold_ingot":95,"minecraft:mutton":13,"minecraft:white_wool":5,"minecraft:basalt":38,"minecraft:crimson_stem":109,"minecraft:glow_ink_sac":8,"minecraft:leather":9,"minecraft:acacia_wood":2,"minecraft:filled_map":1,"minecraft:oak_log":82,"minecraft:cobblestone_wall":2,"minecraft:nether_wart_block":18,"minecraft:yellow_bed":4,"minecraft:gunpowder":4,"minecraft:cobblestone_stairs":10,"minecraft:blue_bed":1,"minecraft:paper":5,"minecraft:cooked_mutton":6,"minecraft:iron_ingot":122,"minecraft:soul_sand":40,"minecraft:sweet_berries":22,"minecraft:stone_brick_slab":2,"minecraft:gravel":27,"minecraft:spruce_sapling":1,"minecraft:blast_furnace":1,"minecraft:white_bed":2,"minecraft:spruce_log":76,"minecraft:spruce_door":2,"minecraft:purple_bed":2,"minecraft:gray_wool":1,"minecraft:coal":312},"minecraft:killed":{"minecraft:witch":1,"minecraft:spider":2,"minecraft:skeleton":19,"minecraft:chicken":1,"minecraft:piglin":1,"minecraft:iron_golem":1,"minecraft:creeper":3,"minecraft:sheep":8,"minecraft:goat":1,"minecraft:donkey":2,"minecraft:zombie":14,"minecraft:blaze":8,"minecraft:cow":6,"minecraft:armadillo":1,"minecraft:drowned":1,"minecraft:bat":2,"minecraft:hoglin":1,"minecraft:wither_skeleton":6},"minecraft:custom":{"minecraft:animals_bred":14,"minecraft:interact_with_crafting_table":33,"minecraft:bell_ring":39,"minecraft:leave_game":20,"minecraft:time_since_death":259384,"minecraft:sprint_one_cm":852398,"minecraft:damage_blocked_by_shield":1509,"minecraft:drop":28,"minecraft:talked_to_villager":1,"minecraft:play_time":267336,"minecraft:deaths":2,"minecraft:jump":6753,"minecraft:walk_on_water_one_cm":56961,"minecraft:enchant_item":6,"minecraft:interact_with_furnace":40,"minecraft:sleep_in_bed":9,"minecraft:damage_dealt":15835,"minecraft:player_kills":2,"minecraft:crouch_one_cm":75390,"minecraft:interact_with_smoker":25,"minecraft:mob_kills":81,"minecraft:walk_one_cm":607398,"minecraft:sneak_time":22415,"minecraft:walk_under_water_one_cm":26594,"minecraft:total_world_time":267336,"minecraft:interact_with_grindstone":1,"minecraft:time_since_rest":38267,"minecraft:damage_taken":3452,"minecraft:damage_absorbed":41,"minecraft:swim_one_cm":90667,"minecraft:fly_one_cm":1199342,"minecraft:open_chest":193,"minecraft:fall_one_cm":170684}},"DataVersion":3953}