{"stats":{"minecraft:picked_up":{"minecraft:crafting_table":10,"minecraft:wheat":6,"minecraft:chicken":7,"minecraft:diamond_sword":1,"minecraft:wooden_pickaxe":2,"minecraft:string":3,"minecraft:raw_copper":89,"minecraft:wooden_sword":1,"minecraft:iron_leggings":1,"minecraft:diamond_leggings":1,"minecraft:gold_nugget":2,"minecraft:cobbled_deepslate":364,"minecraft:spruce_planks":8,"minecraft:beef":28,"minecraft:light_gray_wool":1,"minecraft:chest":5,"minecraft:birch_sapling":4,"minecraft:iron_boots":1,"minecraft:furnace":6,"minecraft:stick":14,"minecraft:raw_iron":170,"minecraft:torch":8,"minecraft:spruce_stairs":2,"minecraft:porkchop":34,"minecraft:diorite":4,"minecraft:carrot":22,"minecraft:redstone":199,"minecraft:rotten_flesh":18,"minecraft:arrow":19,"minecraft:diamond_chestplate":1,"minecraft:diamond_boots":1,"minecraft:mutton":44,"minecraft:white_wool":26,"minecraft:cobblestone":87,"minecraft:birch_log":13,"minecraft:feather":10,"minecraft:salmon":1,"minecraft:andesite":5,"minecraft:leather":23,"minecraft:potato":5,"minecraft:filled_map":1,"minecraft:tuff":2,"minecraft:oak_log":23,"minecraft:gunpowder":1,"minecraft:paper":34,"minecraft:lapis_lazuli":182,"minecraft:dirt":47,"minecraft:bone":15,"minecraft:apple":1,"minecraft:bow":2,"minecraft:wheat_seeds":14,"minecraft:raw_gold":53,"minecraft:iron_ingot":9,"minecraft:grindstone":2,"minecraft:diamond_helmet":1,"minecraft:oak_planks":41,"minecraft:smooth_basalt":2,"minecraft:gravel":5,"minecraft:spruce_sapling":4,"minecraft:white_bed":2,"minecraft:spruce_log":25,"minecraft:dark_oak_log":3,"minecraft:spruce_door":1,"minecraft:slime_ball":6,"minecraft:diamond":47,"minecraft:stone_axe":2,"minecraft:granite":8,"minecraft:gray_wool":3,"minecraft:bread":12,"minecraft:oak_sapling":1,"minecraft:black_wool":1,"minecraft:coal":229,"minecraft:diamond_pickaxe":1},"minecraft:killed":{"minecraft:spider":7,"minecraft:slime":11,"minecraft:skeleton":13,"minecraft:chicken":7,"minecraft:drowned":3,"minecraft:pig":16,"minecraft:salmon":3,"minecraft:sheep":30,"minecraft:zombie":27,"minecraft:cow":15},"minecraft:dropped":{"minecraft:bread":12,"minecraft:iron_sword":1,"minecraft:diamond":1,"minecraft:feather":2,"minecraft:iron_helmet":1,"minecraft:cobblestone":4,"minecraft:coal":15,"minecraft:dirt":4,"minecraft:iron_leggings":2,"minecraft:wooden_sword":1,"minecraft:smooth_basalt":2,"minecraft:gravel":5,"minecraft:stone_axe":3,"minecraft:birch_sapling":1,"minecraft:oak_planks":23,"minecraft:iron_boots":2,"minecraft:filled_map":1,"minecraft:iron_chestplate":1,"minecraft:stone_pickaxe":1,"minecraft:wooden_pickaxe":1},"minecraft:broken":{"minecraft:wooden_pickaxe":1,"minecraft:iron_pickaxe":2},"minecraft:used":{"minecraft:chest":9,"minecraft:spruce_planks":6,"minecraft:shield":33,"minecraft:iron_sword":86,"minecraft:cooked_salmon":1,"minecraft:torch":122,"minecraft:dirt":15,"minecraft:carrot":22,"minecraft:tuff":1,"minecraft:iron_hoe":81,"minecraft:wooden_axe":7,"minecraft:furnace":8,"minecraft:oak_sapling":1,"minecraft:cooked_beef":13,"minecraft:potato":5,"minecraft:cobbled_deepslate":17,"minecraft:wheat_seeds":14,"minecraft:cooked_mutton":12,"minecraft:water_bucket":2,"minecraft:stone_pickaxe":99,"minecraft:oak_planks":21,"minecraft:wooden_pickaxe":3,"minecraft:diamond_axe":68,"minecraft:glow_berries":1,"minecraft:crafting_table":10,"minecraft:white_bed":2,"minecraft:spruce_log":2,"minecraft:diamond_pickaxe":434,"minecraft:apple":1,"minecraft:bread":1,"minecraft:iron_pickaxe":500,"minecraft:stone_axe":39,"minecraft:diamond_sword":284,"minecraft:wooden_sword":19,"minecraft:cobblestone":2,"minecraft:grindstone":2,"minecraft:cooked_porkchop":16,"minecraft:bucket":2},"minecraft:killed_by":{"minecraft:player":4},"minecraft:crafted":{"minecraft:wooden_sword":1,"minecraft:oak_planks":80,"minecraft:cooked_chicken":3,"minecraft:furnace":2,"minecraft:cooked_mutton":41,"minecraft:diamond_helmet":1,"minecraft:diamond_leggings":1,"minecraft:iron_boots":1,"minecraft:iron_hoe":1,"minecraft:stone_pickaxe":1,"minecraft:chest":4,"minecraft:diamond_boots":1,"minecraft:redstone_block":5,"minecraft:dark_oak_planks":12,"minecraft:cooked_beef":25,"minecraft:coal_block":2,"minecraft:diamond_sword":1,"minecraft:cooked_porkchop":16,"minecraft:diamond_axe":1,"minecraft:crafting_table":3,"minecraft:spruce_planks":140,"minecraft:iron_helmet":1,"minecraft:iron_sword":1,"minecraft:cooked_salmon":1,"minecraft:bucket":1,"minecraft:stone_axe":1,"minecraft:air":0,"minecraft:iron_chestplate":1,"minecraft:diamond_pickaxe":1,"minecraft:shield":2,"minecraft:stick":76,"minecraft:iron_ingot":106,"minecraft:iron_pickaxe":2,"minecraft:wooden_axe":1,"minecraft:iron_leggings":1,"minecraft:white_bed":1,"minecraft:torch":172,"minecraft:lapis_block":6,"minecraft:diamond_chestplate":1},"minecraft:custom":{"minecraft:mob_kills":136,"minecraft:interact_with_crafting_table":39,"minecraft:leave_game":19,"minecraft:time_since_death":156184,"minecraft:sprint_one_cm":653897,"minecraft:walk_one_cm":1067830,"minecraft:damage_blocked_by_shield":1043,"minecraft:drop":24,"minecraft:talked_to_villager":1,"minecraft:play_time":255586,"minecraft:deaths":5,"minecraft:sneak_time":2083,"minecraft:walk_under_water_one_cm":56580,"minecraft:jump":4386,"minecraft:walk_on_water_one_cm":90614,"minecraft:total_world_time":255586,"minecraft:interact_with_furnace":93,"minecraft:sleep_in_bed":2,"minecraft:time_since_rest":125156,"minecraft:damage_taken":4350,"minecraft:damage_dealt":17583,"minecraft:player_kills":2,"minecraft:swim_one_cm":95846,"minecraft:fly_one_cm":347151,"minecraft:open_chest":127,"minecraft:crouch_one_cm":3113,"minecraft:fall_one_cm":70603},"minecraft:mined":{"minecraft:tuff":2,"minecraft:spruce_planks":2,"minecraft:white_bed":2,"minecraft:deepslate_diamond_ore":47,"minecraft:dark_oak_log":3,"minecraft:glow_lichen":1,"minecraft:granite":9,"minecraft:grass_block":21,"minecraft:spruce_leaves":23,"minecraft:redstone_ore":8,"minecraft:furnace":6,"minecraft:carrots":7,"minecraft:iron_ore":56,"minecraft:andesite":5,"minecraft:deepslate_lapis_ore":27,"minecraft:potatoes":2,"minecraft:deepslate_iron_ore":107,"minecraft:stone":84,"minecraft:deepslate_redstone_ore":36,"minecraft:spruce_door":1,"minecraft:crafting_table":10,"minecraft:torch":3,"minecraft:short_grass":21,"minecraft:chest":5,"minecraft:copper_ore":7,"minecraft:deepslate_gold_ore":53,"minecraft:lapis_ore":2,"minecraft:grindstone":2,"minecraft:oak_planks":19,"minecraft:diorite":5,"minecraft:deepslate_copper_ore":21,"minecraft:spruce_stairs":2,"minecraft:birch_log":13,"minecraft:wheat":5,"minecraft:spruce_log":22,"minecraft:birch_leaves":12,"minecraft:oak_log":24,"minecraft:coal_ore":175,"minecraft:gravel":6,"minecraft:dirt":6,"minecraft:smooth_basalt":4,"minecraft:oak_leaves":11,"minecraft:deepslate":359}},"DataVersion":3953}