{"stats":{"minecraft:picked_up":{"minecraft:crafting_table":11,"minecraft:wheat":6,"minecraft:chicken":7,"minecraft:diamond_sword":1,"minecraft:wooden_pickaxe":2,"minecraft:string":3,"minecraft:raw_copper":89,"minecraft:wooden_sword":1,"minecraft:iron_leggings":1,"minecraft:diamond_leggings":1,"minecraft:gold_nugget":2,"minecraft:cobbled_deepslate":385,"minecraft:spruce_planks":8,"minecraft:beef":28,"minecraft:light_gray_wool":1,"minecraft:chest":5,"minecraft:birch_sapling":4,"minecraft:iron_boots":1,"minecraft:furnace":6,"minecraft:stick":16,"minecraft:raw_iron":196,"minecraft:torch":10,"minecraft:spruce_stairs":2,"minecraft:porkchop":34,"minecraft:diorite":4,"minecraft:carrot":54,"minecraft:redstone":324,"minecraft:rotten_flesh":18,"minecraft:arrow":19,"minecraft:diamond_chestplate":1,"minecraft:diamond_boots":1,"minecraft:mutton":44,"minecraft:rail":49,"minecraft:white_wool":26,"minecraft:cobblestone":190,"minecraft:birch_log":13,"minecraft:feather":10,"minecraft:cooked_beef":1,"minecraft:salmon":1,"minecraft:andesite":22,"minecraft:leather":23,"minecraft:potato":8,"minecraft:filled_map":1,"minecraft:tuff":2,"minecraft:oak_log":23,"minecraft:gunpowder":1,"minecraft:lapis_lazuli":271,"minecraft:dirt":48,"minecraft:paper":34,"minecraft:bone":17,"minecraft:apple":1,"minecraft:bow":2,"minecraft:wheat_seeds":14,"minecraft:raw_gold":60,"minecraft:iron_ingot":18,"minecraft:grindstone":2,"minecraft:diamond_helmet":1,"minecraft:bamboo":64,"minecraft:oak_planks":41,"minecraft:smooth_basalt":2,"minecraft:birch_boat":2,"minecraft:sweet_berries":14,"minecraft:gravel":5,"minecraft:spruce_sapling":4,"minecraft:white_bed":2,"minecraft:spruce_log":25,"minecraft:dark_oak_log":3,"minecraft:spruce_door":1,"minecraft:slime_ball":6,"minecraft:diamond":54,"minecraft:stone_axe":2,"minecraft:granite":25,"minecraft:gray_wool":3,"minecraft:bread":12,"minecraft:netherrack":2,"minecraft:oak_sapling":1,"minecraft:black_wool":1,"minecraft:coal":229,"minecraft:diamond_pickaxe":1},"minecraft:killed":{"minecraft:spider":7,"minecraft:slime":11,"minecraft:skeleton":14,"minecraft:chicken":7,"minecraft:drowned":4,"minecraft:pig":16,"minecraft:salmon":3,"minecraft:sheep":30,"minecraft:zombie":31,"minecraft:cow":15},"minecraft:dropped":{"minecraft:bread":12,"minecraft:iron_sword":1,"minecraft:cooked_beef":1,"minecraft:diamond":1,"minecraft:feather":2,"minecraft:iron_helmet":1,"minecraft:cobblestone":4,"minecraft:coal":15,"minecraft:dirt":4,"minecraft:torch":4,"minecraft:iron_leggings":2,"minecraft:wooden_sword":1,"minecraft:smooth_basalt":2,"minecraft:bone":3,"minecraft:redstone":4,"minecraft:gravel":5,"minecraft:stone_axe":3,"minecraft:sweet_berries":6,"minecraft:birch_sapling":1,"minecraft:oak_planks":23,"minecraft:iron_boots":2,"minecraft:filled_map":1,"minecraft:iron_chestplate":1,"minecraft:andesite":21,"minecraft:stone_pickaxe":1,"minecraft:wooden_pickaxe":1,"minecraft:netherrack":2},"minecraft:broken":{"minecraft:wooden_pickaxe":1,"minecraft:iron_pickaxe":2},"minecraft:used":{"minecraft:chest":9,"minecraft:spruce_planks":6,"minecraft:shield":37,"minecraft:iron_sword":86,"minecraft:cooked_salmon":1,"minecraft:torch":167,"minecraft:dirt":16,"minecraft:carrot":24,"minecraft:tuff":1,"minecraft:iron_hoe":81,"minecraft:wooden_axe":7,"minecraft:sweet_berries":8,"minecraft:furnace":8,"minecraft:oak_sapling":1,"minecraft:cooked_beef":20,"minecraft:potato":5,"minecraft:cobbled_deepslate":17,"minecraft:wheat_seeds":14,"minecraft:cooked_mutton":13,"minecraft:water_bucket":2,"minecraft:stone_pickaxe":99,"minecraft:oak_planks":21,"minecraft:wooden_pickaxe":3,"minecraft:birch_boat":1,"minecraft:diamond_axe":78,"minecraft:glow_berries":1,"minecraft:crafting_table":12,"minecraft:white_bed":2,"minecraft:spruce_log":2,"minecraft:diamond_pickaxe":778,"minecraft:apple":1,"minecraft:bread":1,"minecraft:iron_pickaxe":500,"minecraft:stone_axe":39,"minecraft:diamond_sword":334,"minecraft:wooden_sword":19,"minecraft:cobblestone":10,"minecraft:grindstone":2,"minecraft:cooked_porkchop":16,"minecraft:bucket":3},"minecraft:killed_by":{"minecraft:player":4},"minecraft:crafted":{"minecraft:wooden_sword":1,"minecraft:oak_planks":80,"minecraft:cooked_chicken":3,"minecraft:furnace":2,"minecraft:cooked_mutton":41,"minecraft:diamond_helmet":1,"minecraft:diamond_leggings":1,"minecraft:iron_boots":1,"minecraft:iron_hoe":1,"minecraft:stone_pickaxe":1,"minecraft:chest":4,"minecraft:diamond_boots":1,"minecraft:redstone_block":35,"minecraft:dark_oak_planks":12,"minecraft:cooked_beef":25,"minecraft:coal_block":13,"minecraft:diamond_sword":1,"minecraft:cooked_porkchop":16,"minecraft:diamond_axe":1,"minecraft:crafting_table":3,"minecraft:spruce_planks":140,"minecraft:iron_helmet":1,"minecraft:iron_sword":1,"minecraft:cooked_salmon":1,"minecraft:gold_block":7,"minecraft:bucket":1,"minecraft:stone_axe":1,"minecraft:air":0,"minecraft:iron_chestplate":1,"minecraft:diamond_pickaxe":1,"minecraft:shield":2,"minecraft:stick":76,"minecraft:iron_ingot":155,"minecraft:iron_pickaxe":2,"minecraft:wooden_axe":1,"minecraft:iron_block":6,"minecraft:iron_leggings":1,"minecraft:gold_ingot":69,"minecraft:white_bed":1,"minecraft:torch":172,"minecraft:lapis_block":29,"minecraft:diamond_chestplate":1},"minecraft:custom":{"minecraft:mob_kills":143,"minecraft:interact_with_crafting_table":50,"minecraft:bell_ring":2,"minecraft:leave_game":22,"minecraft:time_since_death":224424,"minecraft:sprint_one_cm":739213,"minecraft:walk_one_cm":1350103,"minecraft:damage_blocked_by_shield":1168,"minecraft:drop":39,"minecraft:talked_to_villager":2,"minecraft:play_time":323826,"minecraft:deaths":5,"minecraft:sneak_time":2521,"minecraft:walk_under_water_one_cm":70398,"minecraft:boat_one_cm":258837,"minecraft:jump":5406,"minecraft:walk_on_water_one_cm":103810,"minecraft:total_world_time":323826,"minecraft:interact_with_furnace":134,"minecraft:sleep_in_bed":3,"minecraft:time_since_rest":39855,"minecraft:damage_taken":5028,"minecraft:damage_dealt":19561,"minecraft:player_kills":2,"minecraft:swim_one_cm":95846,"minecraft:fly_one_cm":409062,"minecraft:open_chest":127,"minecraft:crouch_one_cm":3531,"minecraft:fall_one_cm":82898},"minecraft:mined":{"minecraft:tuff":2,"minecraft:spruce_planks":2,"minecraft:white_bed":2,"minecraft:dark_oak_leaves":2,"minecraft:deepslate_diamond_ore":53,"minecraft:dark_oak_log":3,"minecraft:glow_lichen":1,"minecraft:granite":26,"minecraft:grass_block":25,"minecraft:spruce_leaves":23,"minecraft:redstone_ore":10,"minecraft:furnace":6,"minecraft:carrots":16,"minecraft:iron_ore":73,"minecraft:andesite":22,"minecraft:deepslate_lapis_ore":33,"minecraft:potatoes":3,"minecraft:deepslate_iron_ore":115,"minecraft:rail":50,"minecraft:bamboo":9,"minecraft:stone":251,"minecraft:deepslate_redstone_ore":61,"minecraft:spruce_door":1,"minecraft:torch":3,"minecraft:crafting_table":11,"minecraft:short_grass":21,"minecraft:chest":5,"minecraft:copper_ore":7,"minecraft:deepslate_gold_ore":60,"minecraft:lapis_ore":8,"minecraft:grindstone":2,"minecraft:oak_planks":19,"minecraft:diorite":5,"minecraft:deepslate_copper_ore":21,"minecraft:spruce_stairs":2,"minecraft:birch_log":13,"minecraft:wheat":5,"minecraft:sweet_berry_bush":8,"minecraft:spruce_log":22,"minecraft:birch_leaves":13,"minecraft:coal_ore":175,"minecraft:oak_log":24,"minecraft:gravel":6,"minecraft:dirt":6,"minecraft:smooth_basalt":4,"minecraft:oak_leaves":11,"minecraft:deepslate":375}},"DataVersion":3953}