{"stats":{"minecraft:picked_up":{"minecraft:crafting_table":10,"minecraft:wheat":2,"minecraft:chicken":3,"minecraft:diamond_sword":1,"minecraft:wooden_pickaxe":2,"minecraft:string":3,"minecraft:wooden_sword":1,"minecraft:iron_leggings":1,"minecraft:diamond_leggings":1,"minecraft:gold_nugget":2,"minecraft:cobbled_deepslate":35,"minecraft:spruce_planks":8,"minecraft:beef":13,"minecraft:chest":5,"minecraft:birch_sapling":3,"minecraft:iron_boots":1,"minecraft:furnace":6,"minecraft:stick":14,"minecraft:raw_iron":91,"minecraft:torch":7,"minecraft:spruce_stairs":2,"minecraft:porkchop":6,"minecraft:diorite":3,"minecraft:carrot":1,"minecraft:redstone":50,"minecraft:rotten_flesh":14,"minecraft:arrow":10,"minecraft:diamond_chestplate":1,"minecraft:diamond_boots":1,"minecraft:mutton":12,"minecraft:white_wool":9,"minecraft:cobblestone":44,"minecraft:birch_log":12,"minecraft:feather":5,"minecraft:leather":13,"minecraft:potato":2,"minecraft:filled_map":1,"minecraft:oak_log":23,"minecraft:gunpowder":1,"minecraft:paper":34,"minecraft:lapis_lazuli":60,"minecraft:dirt":23,"minecraft:bone":8,"minecraft:apple":1,"minecraft:wheat_seeds":2,"minecraft:grindstone":2,"minecraft:iron_ingot":9,"minecraft:diamond_helmet":1,"minecraft:oak_planks":41,"minecraft:gravel":5,"minecraft:spruce_sapling":4,"minecraft:white_bed":2,"minecraft:spruce_log":22,"minecraft:spruce_door":1,"minecraft:dark_oak_log":3,"minecraft:slime_ball":6,"minecraft:diamond":33,"minecraft:stone_axe":2,"minecraft:granite":2,"minecraft:bread":12,"minecraft:oak_sapling":1,"minecraft:coal":114,"minecraft:diamond_pickaxe":1},"minecraft:killed":{"minecraft:spider":5,"minecraft:slime":11,"minecraft:skeleton":9,"minecraft:chicken":3,"minecraft:drowned":2,"minecraft:pig":2,"minecraft:sheep":7,"minecraft:zombie":21,"minecraft:cow":7},"minecraft:dropped":{"minecraft:bread":12,"minecraft:iron_sword":1,"minecraft:diamond":1,"minecraft:iron_helmet":1,"minecraft:feather":2,"minecraft:cobblestone":4,"minecraft:coal":15,"minecraft:dirt":4,"minecraft:iron_leggings":2,"minecraft:wooden_sword":1,"minecraft:gravel":5,"minecraft:stone_axe":3,"minecraft:oak_planks":23,"minecraft:iron_boots":2,"minecraft:filled_map":1,"minecraft:iron_chestplate":1,"minecraft:stone_pickaxe":1,"minecraft:wooden_pickaxe":1},"minecraft:broken":{"minecraft:wooden_pickaxe":1},"minecraft:used":{"minecraft:spruce_planks":1,"minecraft:chest":9,"minecraft:shield":27,"minecraft:iron_sword":86,"minecraft:torch":56,"minecraft:dirt":15,"minecraft:carrot":1,"minecraft:iron_hoe":81,"minecraft:wooden_axe":7,"minecraft:oak_sapling":1,"minecraft:furnace":8,"minecraft:cooked_beef":6,"minecraft:potato":2,"minecraft:cobbled_deepslate":17,"minecraft:wheat_seeds":2,"minecraft:cooked_mutton":9,"minecraft:water_bucket":1,"minecraft:stone_pickaxe":99,"minecraft:oak_planks":21,"minecraft:wooden_pickaxe":3,"minecraft:diamond_axe":65,"minecraft:glow_berries":1,"minecraft:crafting_table":10,"minecraft:white_bed":2,"minecraft:spruce_log":2,"minecraft:diamond_pickaxe":47,"minecraft:apple":1,"minecraft:bread":1,"minecraft:iron_pickaxe":158,"minecraft:stone_axe":39,"minecraft:diamond_sword":124,"minecraft:wooden_sword":19,"minecraft:grindstone":2,"minecraft:cooked_porkchop":6,"minecraft:bucket":1},"minecraft:killed_by":{"minecraft:player":4},"minecraft:crafted":{"minecraft:wooden_sword":1,"minecraft:oak_planks":80,"minecraft:cooked_chicken":3,"minecraft:furnace":2,"minecraft:cooked_mutton":9,"minecraft:diamond_helmet":1,"minecraft:diamond_leggings":1,"minecraft:iron_boots":1,"minecraft:iron_hoe":1,"minecraft:stone_pickaxe":1,"minecraft:chest":4,"minecraft:diamond_boots":1,"minecraft:redstone_block":5,"minecraft:dark_oak_planks":12,"minecraft:cooked_beef":10,"minecraft:coal_block":2,"minecraft:diamond_sword":1,"minecraft:cooked_porkchop":6,"minecraft:diamond_axe":1,"minecraft:crafting_table":3,"minecraft:spruce_planks":140,"minecraft:iron_helmet":1,"minecraft:iron_sword":1,"minecraft:bucket":1,"minecraft:stone_axe":1,"minecraft:air":0,"minecraft:iron_chestplate":1,"minecraft:diamond_pickaxe":1,"minecraft:shield":1,"minecraft:stick":36,"minecraft:iron_ingot":91,"minecraft:iron_pickaxe":1,"minecraft:wooden_axe":1,"minecraft:iron_leggings":1,"minecraft:white_bed":1,"minecraft:torch":76,"minecraft:lapis_block":6,"minecraft:diamond_chestplate":1},"minecraft:custom":{"minecraft:mob_kills":70,"minecraft:interact_with_crafting_table":37,"minecraft:leave_game":5,"minecraft:time_since_death":33100,"minecraft:sprint_one_cm":336681,"minecraft:walk_one_cm":551464,"minecraft:damage_blocked_by_shield":803,"minecraft:drop":22,"minecraft:talked_to_villager":1,"minecraft:play_time":132502,"minecraft:deaths":5,"minecraft:sneak_time":1649,"minecraft:walk_under_water_one_cm":34416,"minecraft:jump":2130,"minecraft:walk_on_water_one_cm":51676,"minecraft:total_world_time":132502,"minecraft:interact_with_furnace":58,"minecraft:sleep_in_bed":2,"minecraft:time_since_rest":2072,"minecraft:damage_taken":2985,"minecraft:damage_dealt":10643,"minecraft:swim_one_cm":56689,"minecraft:player_kills":2,"minecraft:fly_one_cm":203951,"minecraft:open_chest":59,"minecraft:crouch_one_cm":2203,"minecraft:fall_one_cm":30168},"minecraft:mined":{"minecraft:spruce_planks":2,"minecraft:white_bed":2,"minecraft:deepslate_diamond_ore":33,"minecraft:dark_oak_log":3,"minecraft:granite":2,"minecraft:grass_block":14,"minecraft:spruce_leaves":15,"minecraft:furnace":6,"minecraft:carrots":1,"minecraft:iron_ore":14,"minecraft:deepslate_lapis_ore":10,"minecraft:potatoes":1,"minecraft:deepslate_iron_ore":77,"minecraft:stone":41,"minecraft:deepslate_redstone_ore":11,"minecraft:spruce_door":1,"minecraft:crafting_table":10,"minecraft:torch":3,"minecraft:short_grass":15,"minecraft:chest":5,"minecraft:grindstone":2,"minecraft:oak_planks":19,"minecraft:diorite":4,"minecraft:spruce_stairs":2,"minecraft:birch_log":12,"minecraft:wheat":1,"minecraft:spruce_log":22,"minecraft:birch_leaves":4,"minecraft:oak_log":24,"minecraft:coal_ore":65,"minecraft:dirt":5,"minecraft:gravel":6,"minecraft:oak_leaves":7,"minecraft:deepslate":31}},"DataVersion":3953}