{"stats":{"minecraft:picked_up":{"minecraft:crafting_table":10,"minecraft:wheat":1,"minecraft:chicken":3,"minecraft:diamond_sword":1,"minecraft:wooden_pickaxe":2,"minecraft:string":3,"minecraft:wooden_sword":1,"minecraft:iron_leggings":1,"minecraft:diamond_leggings":1,"minecraft:gold_nugget":2,"minecraft:cobbled_deepslate":35,"minecraft:spruce_planks":8,"minecraft:beef":13,"minecraft:chest":4,"minecraft:iron_boots":1,"minecraft:furnace":6,"minecraft:raw_iron":91,"minecraft:stick":11,"minecraft:torch":7,"minecraft:spruce_stairs":2,"minecraft:porkchop":6,"minecraft:diorite":3,"minecraft:redstone":50,"minecraft:rotten_flesh":14,"minecraft:arrow":10,"minecraft:diamond_chestplate":1,"minecraft:diamond_boots":1,"minecraft:mutton":12,"minecraft:white_wool":9,"minecraft:cobblestone":35,"minecraft:feather":5,"minecraft:leather":13,"minecraft:potato":1,"minecraft:filled_map":1,"minecraft:oak_log":23,"minecraft:gunpowder":1,"minecraft:paper":34,"minecraft:lapis_lazuli":60,"minecraft:dirt":7,"minecraft:bone":8,"minecraft:apple":1,"minecraft:iron_ingot":9,"minecraft:diamond_helmet":1,"minecraft:oak_planks":41,"minecraft:gravel":5,"minecraft:white_bed":2,"minecraft:spruce_log":2,"minecraft:dark_oak_log":3,"minecraft:slime_ball":6,"minecraft:diamond":33,"minecraft:stone_axe":2,"minecraft:granite":2,"minecraft:bread":12,"minecraft:oak_sapling":1,"minecraft:coal":78,"minecraft:diamond_pickaxe":1},"minecraft:killed":{"minecraft:spider":5,"minecraft:slime":11,"minecraft:skeleton":9,"minecraft:chicken":3,"minecraft:drowned":2,"minecraft:pig":2,"minecraft:sheep":7,"minecraft:zombie":21,"minecraft:cow":7},"minecraft:dropped":{"minecraft:bread":12,"minecraft:iron_sword":1,"minecraft:diamond":1,"minecraft:iron_helmet":1,"minecraft:feather":2,"minecraft:cobblestone":4,"minecraft:coal":15,"minecraft:dirt":4,"minecraft:iron_leggings":2,"minecraft:wooden_sword":1,"minecraft:gravel":5,"minecraft:stone_axe":3,"minecraft:oak_planks":23,"minecraft:iron_boots":2,"minecraft:filled_map":1,"minecraft:iron_chestplate":1,"minecraft:stone_pickaxe":1,"minecraft:wooden_pickaxe":1},"minecraft:broken":{"minecraft:wooden_pickaxe":1},"minecraft:used":{"minecraft:chest":8,"minecraft:spruce_planks":1,"minecraft:shield":27,"minecraft:iron_sword":86,"minecraft:torch":56,"minecraft:wooden_axe":7,"minecraft:oak_sapling":1,"minecraft:furnace":8,"minecraft:cooked_beef":5,"minecraft:potato":1,"minecraft:cobbled_deepslate":17,"minecraft:cooked_mutton":9,"minecraft:stone_pickaxe":99,"minecraft:oak_planks":21,"minecraft:wooden_pickaxe":3,"minecraft:diamond_axe":15,"minecraft:glow_berries":1,"minecraft:crafting_table":10,"minecraft:white_bed":2,"minecraft:spruce_log":2,"minecraft:apple":1,"minecraft:bread":1,"minecraft:iron_pickaxe":158,"minecraft:stone_axe":39,"minecraft:diamond_sword":124,"minecraft:wooden_sword":19,"minecraft:cooked_porkchop":6},"minecraft:killed_by":{"minecraft:player":4},"minecraft:crafted":{"minecraft:wooden_sword":1,"minecraft:oak_planks":80,"minecraft:cooked_chicken":3,"minecraft:furnace":2,"minecraft:cooked_mutton":9,"minecraft:diamond_helmet":1,"minecraft:diamond_leggings":1,"minecraft:iron_boots":1,"minecraft:stone_pickaxe":1,"minecraft:chest":4,"minecraft:diamond_boots":1,"minecraft:dark_oak_planks":12,"minecraft:cooked_beef":5,"minecraft:diamond_sword":1,"minecraft:cooked_porkchop":6,"minecraft:diamond_axe":1,"minecraft:crafting_table":3,"minecraft:spruce_planks":60,"minecraft:iron_helmet":1,"minecraft:iron_sword":1,"minecraft:stone_axe":1,"minecraft:air":0,"minecraft:iron_chestplate":1,"minecraft:diamond_pickaxe":1,"minecraft:shield":1,"minecraft:stick":32,"minecraft:iron_ingot":23,"minecraft:iron_pickaxe":1,"minecraft:wooden_axe":1,"minecraft:iron_leggings":1,"minecraft:white_bed":1,"minecraft:torch":76,"minecraft:diamond_chestplate":1},"minecraft:custom":{"minecraft:mob_kills":70,"minecraft:interact_with_crafting_table":29,"minecraft:leave_game":3,"minecraft:time_since_death":8303,"minecraft:sprint_one_cm":297645,"minecraft:walk_one_cm":456677,"minecraft:damage_blocked_by_shield":803,"minecraft:drop":22,"minecraft:play_time":107705,"minecraft:sneak_time":1499,"minecraft:deaths":5,"minecraft:walk_under_water_one_cm":30662,"minecraft:jump":1858,"minecraft:walk_on_water_one_cm":47693,"minecraft:total_world_time":107705,"minecraft:interact_with_furnace":47,"minecraft:sleep_in_bed":1,"minecraft:time_since_rest":8334,"minecraft:damage_taken":2963,"minecraft:damage_dealt":10643,"minecraft:swim_one_cm":47855,"minecraft:player_kills":2,"minecraft:fly_one_cm":181848,"minecraft:open_chest":26,"minecraft:crouch_one_cm":1891,"minecraft:fall_one_cm":25831},"minecraft:mined":{"minecraft:spruce_planks":2,"minecraft:white_bed":2,"minecraft:deepslate_diamond_ore":33,"minecraft:dark_oak_log":3,"minecraft:granite":2,"minecraft:grass_block":3,"minecraft:furnace":6,"minecraft:iron_ore":14,"minecraft:deepslate_lapis_ore":10,"minecraft:deepslate_iron_ore":77,"minecraft:stone":32,"minecraft:deepslate_redstone_ore":11,"minecraft:crafting_table":10,"minecraft:torch":3,"minecraft:short_grass":2,"minecraft:chest":4,"minecraft:oak_planks":19,"minecraft:diorite":4,"minecraft:spruce_stairs":2,"minecraft:spruce_log":2,"minecraft:oak_log":24,"minecraft:coal_ore":29,"minecraft:gravel":6,"minecraft:oak_leaves":7,"minecraft:deepslate":31}},"DataVersion":3953}