{"stats":{"minecraft:picked_up":{"minecraft:crafting_table":9,"minecraft:wheat":1,"minecraft:feather":5,"minecraft:chicken":3,"minecraft:leather":13,"minecraft:wooden_pickaxe":2,"minecraft:potato":1,"minecraft:filled_map":1,"minecraft:oak_log":23,"minecraft:gunpowder":1,"minecraft:lapis_lazuli":60,"minecraft:dirt":7,"minecraft:string":3,"minecraft:paper":34,"minecraft:wooden_sword":1,"minecraft:iron_leggings":1,"minecraft:bone":8,"minecraft:apple":1,"minecraft:gold_nugget":2,"minecraft:cobbled_deepslate":35,"minecraft:beef":13,"minecraft:iron_ingot":9,"minecraft:oak_planks":30,"minecraft:iron_boots":1,"minecraft:furnace":6,"minecraft:stick":11,"minecraft:raw_iron":91,"minecraft:torch":6,"minecraft:gravel":5,"minecraft:porkchop":6,"minecraft:diorite":3,"minecraft:white_bed":1,"minecraft:redstone":50,"minecraft:dark_oak_log":3,"minecraft:arrow":10,"minecraft:rotten_flesh":13,"minecraft:slime_ball":6,"minecraft:diamond":33,"minecraft:stone_axe":2,"minecraft:granite":2,"minecraft:bread":12,"minecraft:oak_sapling":1,"minecraft:mutton":10,"minecraft:coal":78,"minecraft:white_wool":6,"minecraft:cobblestone":35},"minecraft:killed":{"minecraft:pig":2,"minecraft:spider":5,"minecraft:slime":11,"minecraft:skeleton":9,"minecraft:sheep":6,"minecraft:zombie":20,"minecraft:chicken":3,"minecraft:drowned":2,"minecraft:cow":7},"minecraft:dropped":{"minecraft:bread":12,"minecraft:gravel":5,"minecraft:iron_sword":1,"minecraft:stone_axe":3,"minecraft:feather":2,"minecraft:cobblestone":4,"minecraft:iron_helmet":1,"minecraft:iron_boots":2,"minecraft:oak_planks":23,"minecraft:coal":15,"minecraft:filled_map":1,"minecraft:dirt":4,"minecraft:iron_chestplate":1,"minecraft:wooden_sword":1,"minecraft:iron_leggings":2,"minecraft:stone_pickaxe":1,"minecraft:wooden_pickaxe":1},"minecraft:broken":{"minecraft:wooden_pickaxe":1},"minecraft:killed_by":{"minecraft:player":3},"minecraft:used":{"minecraft:cooked_mutton":9,"minecraft:stone_pickaxe":99,"minecraft:oak_planks":21,"minecraft:shield":27,"minecraft:wooden_pickaxe":3,"minecraft:iron_sword":86,"minecraft:diamond_axe":2,"minecraft:torch":56,"minecraft:glow_berries":1,"minecraft:crafting_table":9,"minecraft:white_bed":1,"minecraft:wooden_axe":5,"minecraft:apple":1,"minecraft:bread":1,"minecraft:iron_pickaxe":158,"minecraft:diamond_sword":121,"minecraft:stone_axe":39,"minecraft:wooden_sword":19,"minecraft:furnace":6,"minecraft:oak_sapling":1,"minecraft:cooked_porkchop":6,"minecraft:cooked_beef":5,"minecraft:potato":1,"minecraft:cobbled_deepslate":17},"minecraft:crafted":{"minecraft:cooked_beef":5,"minecraft:wooden_sword":1,"minecraft:oak_planks":80,"minecraft:diamond_sword":1,"minecraft:cooked_porkchop":6,"minecraft:diamond_axe":1,"minecraft:crafting_table":3,"minecraft:cooked_chicken":3,"minecraft:iron_helmet":1,"minecraft:iron_sword":1,"minecraft:furnace":2,"minecraft:stone_axe":1,"minecraft:cooked_mutton":9,"minecraft:air":0,"minecraft:diamond_helmet":1,"minecraft:iron_chestplate":1,"minecraft:diamond_leggings":1,"minecraft:iron_boots":1,"minecraft:diamond_pickaxe":1,"minecraft:shield":1,"minecraft:stick":32,"minecraft:wooden_axe":1,"minecraft:iron_ingot":23,"minecraft:iron_pickaxe":1,"minecraft:stone_pickaxe":1,"minecraft:diamond_boots":1,"minecraft:iron_leggings":1,"minecraft:white_bed":1,"minecraft:dark_oak_planks":12,"minecraft:torch":76,"minecraft:diamond_chestplate":1},"minecraft:custom":{"minecraft:interact_with_furnace":46,"minecraft:mob_kills":68,"minecraft:interact_with_crafting_table":25,"minecraft:leave_game":2,"minecraft:time_since_death":2101,"minecraft:sleep_in_bed":1,"minecraft:time_since_rest":2246,"minecraft:sprint_one_cm":262012,"minecraft:damage_taken":2524,"minecraft:walk_one_cm":409207,"minecraft:damage_blocked_by_shield":803,"minecraft:drop":21,"minecraft:damage_dealt":10273,"minecraft:swim_one_cm":43292,"minecraft:fly_one_cm":165247,"minecraft:player_kills":2,"minecraft:open_chest":5,"minecraft:crouch_one_cm":1891,"minecraft:play_time":95629,"minecraft:deaths":4,"minecraft:sneak_time":1493,"minecraft:walk_under_water_one_cm":29170,"minecraft:jump":1705,"minecraft:walk_on_water_one_cm":44797,"minecraft:total_world_time":95629,"minecraft:fall_one_cm":24602},"minecraft:mined":{"minecraft:deepslate_redstone_ore":11,"minecraft:white_bed":1,"minecraft:deepslate_diamond_ore":33,"minecraft:dark_oak_log":3,"minecraft:torch":3,"minecraft:crafting_table":9,"minecraft:granite":2,"minecraft:short_grass":2,"minecraft:grass_block":3,"minecraft:oak_planks":19,"minecraft:diorite":4,"minecraft:furnace":6,"minecraft:iron_ore":14,"minecraft:deepslate_lapis_ore":10,"minecraft:coal_ore":29,"minecraft:oak_log":24,"minecraft:deepslate_iron_ore":77,"minecraft:gravel":6,"minecraft:stone":32,"minecraft:oak_leaves":7,"minecraft:deepslate":31}},"DataVersion":3953}