{"stats":{"minecraft:picked_up":{"minecraft:crafting_table":4,"minecraft:wheat":1,"minecraft:feather":5,"minecraft:chicken":3,"minecraft:leather":9,"minecraft:wooden_pickaxe":2,"minecraft:potato":1,"minecraft:filled_map":1,"minecraft:oak_log":18,"minecraft:gunpowder":1,"minecraft:string":1,"minecraft:dirt":6,"minecraft:paper":34,"minecraft:wooden_sword":1,"minecraft:bone":5,"minecraft:apple":1,"minecraft:gold_nugget":2,"minecraft:cobbled_deepslate":10,"minecraft:beef":8,"minecraft:iron_ingot":9,"minecraft:oak_planks":19,"minecraft:furnace":4,"minecraft:stick":11,"minecraft:raw_iron":43,"minecraft:torch":4,"minecraft:gravel":5,"minecraft:porkchop":6,"minecraft:diorite":3,"minecraft:dark_oak_log":3,"minecraft:arrow":6,"minecraft:rotten_flesh":4,"minecraft:diamond":17,"minecraft:granite":2,"minecraft:bread":12,"minecraft:oak_sapling":1,"minecraft:coal":74,"minecraft:mutton":9,"minecraft:white_wool":5,"minecraft:cobblestone":35},"minecraft:killed":{"minecraft:pig":2,"minecraft:spider":2,"minecraft:skeleton":6,"minecraft:sheep":5,"minecraft:zombie":8,"minecraft:chicken":3,"minecraft:cow":4},"minecraft:dropped":{"minecraft:bread":12,"minecraft:iron_sword":1,"minecraft:feather":2,"minecraft:cobblestone":4,"minecraft:oak_planks":23,"minecraft:coal":15,"minecraft:filled_map":1,"minecraft:dirt":4,"minecraft:iron_chestplate":1,"minecraft:wooden_sword":1,"minecraft:stone_pickaxe":1,"minecraft:wooden_pickaxe":1},"minecraft:broken":{"minecraft:wooden_pickaxe":1},"minecraft:killed_by":{"minecraft:player":2},"minecraft:used":{"minecraft:stone_pickaxe":99,"minecraft:oak_planks":8,"minecraft:shield":7,"minecraft:wooden_pickaxe":3,"minecraft:iron_sword":86,"minecraft:torch":49,"minecraft:crafting_table":5,"minecraft:white_bed":1,"minecraft:apple":1,"minecraft:bread":1,"minecraft:iron_pickaxe":46,"minecraft:diamond_sword":19,"minecraft:stone_axe":24,"minecraft:wooden_sword":19,"minecraft:oak_sapling":1,"minecraft:furnace":6,"minecraft:cooked_porkchop":6,"minecraft:cooked_beef":3},"minecraft:crafted":{"minecraft:cooked_beef":3,"minecraft:wooden_sword":1,"minecraft:oak_planks":60,"minecraft:diamond_sword":1,"minecraft:cooked_porkchop":6,"minecraft:crafting_table":1,"minecraft:iron_helmet":1,"minecraft:iron_sword":1,"minecraft:furnace":2,"minecraft:stone_axe":1,"minecraft:cooked_mutton":9,"minecraft:air":0,"minecraft:iron_boots":1,"minecraft:iron_chestplate":1,"minecraft:shield":1,"minecraft:stick":28,"minecraft:iron_ingot":23,"minecraft:iron_pickaxe":1,"minecraft:stone_pickaxe":1,"minecraft:iron_leggings":1,"minecraft:white_bed":1,"minecraft:dark_oak_planks":12,"minecraft:torch":76,"minecraft:diamond_chestplate":1},"minecraft:custom":{"minecraft:interact_with_furnace":38,"minecraft:mob_kills":33,"minecraft:interact_with_crafting_table":20,"minecraft:leave_game":1,"minecraft:time_since_death":43746,"minecraft:sleep_in_bed":1,"minecraft:time_since_rest":6995,"minecraft:sprint_one_cm":90652,"minecraft:damage_taken":1689,"minecraft:walk_one_cm":203381,"minecraft:damage_blocked_by_shield":182,"minecraft:drop":12,"minecraft:damage_dealt":5074,"minecraft:swim_one_cm":29928,"minecraft:fly_one_cm":68273,"minecraft:player_kills":1,"minecraft:open_chest":5,"minecraft:crouch_one_cm":854,"minecraft:play_time":49496,"minecraft:deaths":3,"minecraft:sneak_time":642,"minecraft:walk_under_water_one_cm":16179,"minecraft:jump":834,"minecraft:walk_on_water_one_cm":17688,"minecraft:total_world_time":49496,"minecraft:fall_one_cm":13024},"minecraft:mined":{"minecraft:deepslate_diamond_ore":17,"minecraft:dark_oak_log":3,"minecraft:torch":2,"minecraft:crafting_table":4,"minecraft:granite":2,"minecraft:short_grass":1,"minecraft:grass_block":2,"minecraft:oak_planks":8,"minecraft:diorite":4,"minecraft:furnace":4,"minecraft:iron_ore":10,"minecraft:oak_log":19,"minecraft:coal_ore":29,"minecraft:deepslate_iron_ore":31,"minecraft:gravel":6,"minecraft:stone":32,"minecraft:deepslate":9,"minecraft:oak_leaves":6}},"DataVersion":3953}