{"stats":{"minecraft:picked_up":{"minecraft:crafting_table":5,"minecraft:wheat":2,"minecraft:feather":3,"minecraft:crimson_stem":2,"minecraft:andesite":6,"minecraft:leather":1,"minecraft:wooden_pickaxe":1,"minecraft:filled_map":1,"minecraft:flint":3,"minecraft:oak_log":11,"minecraft:nether_wart_block":7,"minecraft:dirt":23,"minecraft:bone":1,"minecraft:shroomlight":1,"minecraft:cobbled_deepslate":208,"minecraft:beef":6,"minecraft:oak_boat":1,"minecraft:chest":1,"minecraft:oak_planks":23,"minecraft:stick":1,"minecraft:raw_iron":11,"minecraft:gravel":44,"minecraft:sand":7,"minecraft:diorite":11,"minecraft:arrow":1,"minecraft:diamond":49,"minecraft:granite":4,"minecraft:bread":13,"minecraft:oak_sapling":2,"minecraft:coal":41,"minecraft:cobblestone":68},"minecraft:killed":{"minecraft:skeleton":1,"minecraft:wither_skeleton":1,"minecraft:blaze":1,"minecraft:cow":2},"minecraft:dropped":{"minecraft:bread":1,"minecraft:stone_axe":1,"minecraft:wheat":3,"minecraft:filled_map":1,"minecraft:leather_chestplate":1,"minecraft:oak_sapling":2,"minecraft:stone_pickaxe":1,"minecraft:wooden_pickaxe":1,"minecraft:iron_pickaxe":1},"minecraft:killed_by":{"minecraft:player":1},"minecraft:used":{"minecraft:water_bucket":12,"minecraft:diorite":11,"minecraft:flint_and_steel":1,"minecraft:stone_pickaxe":88,"minecraft:chest":1,"minecraft:wooden_pickaxe":36,"minecraft:shield":2,"minecraft:diamond_axe":6,"minecraft:dirt":19,"minecraft:sand":7,"minecraft:crafting_table":6,"minecraft:granite":4,"minecraft:diamond_pickaxe":14,"minecraft:lava_bucket":13,"minecraft:bread":2,"minecraft:iron_pickaxe":199,"minecraft:gravel":44,"minecraft:stone_axe":18,"minecraft:diamond_sword":11,"minecraft:cobblestone":38,"minecraft:furnace":1,"minecraft:bucket":28,"minecraft:andesite":6,"minecraft:oak_boat":1,"minecraft:cobbled_deepslate":11},"minecraft:crafted":{"minecraft:cooked_beef":6,"minecraft:oak_planks":44,"minecraft:diamond_sword":1,"minecraft:arrow":8,"minecraft:diamond_axe":1,"minecraft:crafting_table":1,"minecraft:wooden_pickaxe":1,"minecraft:furnace":1,"minecraft:bucket":2,"minecraft:stone_axe":1,"minecraft:bread":12,"minecraft:air":0,"minecraft:flint_and_steel":1,"minecraft:oak_boat":1,"minecraft:diamond_helmet":1,"minecraft:diamond_leggings":1,"minecraft:diamond_pickaxe":1,"minecraft:shield":1,"minecraft:stick":20,"minecraft:iron_ingot":11,"minecraft:iron_pickaxe":1,"minecraft:stone_pickaxe":1,"minecraft:diamond_boots":1,"minecraft:torch":12,"minecraft:diamond_chestplate":1},"minecraft:custom":{"minecraft:interact_with_furnace":6,"minecraft:mob_kills":5,"minecraft:interact_with_crafting_table":11,"minecraft:leave_game":1,"minecraft:time_since_death":28006,"minecraft:time_since_rest":28031,"minecraft:sprint_one_cm":46141,"minecraft:damage_taken":296,"minecraft:walk_one_cm":55829,"minecraft:damage_blocked_by_shield":65,"minecraft:drop":12,"minecraft:damage_dealt":1239,"minecraft:swim_one_cm":19430,"minecraft:player_kills":1,"minecraft:fly_one_cm":61081,"minecraft:open_chest":6,"minecraft:crouch_one_cm":11435,"minecraft:play_time":31573,"minecraft:deaths":1,"minecraft:sneak_time":3868,"minecraft:walk_under_water_one_cm":4421,"minecraft:boat_one_cm":57687,"minecraft:jump":339,"minecraft:walk_on_water_one_cm":3759,"minecraft:total_world_time":31573,"minecraft:fall_one_cm":5257},"minecraft:mined":{"minecraft:deepslate_diamond_ore":8,"minecraft:crafting_table":5,"minecraft:glow_lichen":1,"minecraft:granite":4,"minecraft:short_grass":3,"minecraft:grass_block":2,"minecraft:chest":1,"minecraft:tall_grass":1,"minecraft:diorite":11,"minecraft:crimson_stem":2,"minecraft:nether_wart_block":9,"minecraft:fire":3,"minecraft:cobbled_deepslate":1,"minecraft:andesite":6,"minecraft:coal_ore":4,"minecraft:oak_log":10,"minecraft:shroomlight":2,"minecraft:gravel":47,"minecraft:dirt":17,"minecraft:sand":6,"minecraft:stone":64,"minecraft:deepslate":207}},"DataVersion":3953}