{"stats":{"minecraft:picked_up":{"minecraft:raw_iron":11,"minecraft:stick":1,"minecraft:crafting_table":5,"minecraft:wheat":2,"minecraft:feather":3,"minecraft:andesite":6,"minecraft:leather":1,"minecraft:wooden_pickaxe":1,"minecraft:filled_map":1,"minecraft:sand":7,"minecraft:oak_log":11,"minecraft:diorite":11,"minecraft:dirt":23,"minecraft:diamond":40,"minecraft:cobbled_deepslate":183,"minecraft:beef":6,"minecraft:granite":4,"minecraft:oak_boat":1,"minecraft:bread":13,"minecraft:oak_sapling":2,"minecraft:chest":1,"minecraft:coal":41,"minecraft:oak_planks":23,"minecraft:cobblestone":68},"minecraft:killed":{"minecraft:cow":2},"minecraft:dropped":{"minecraft:filled_map":1,"minecraft:bread":1,"minecraft:wheat":2,"minecraft:oak_sapling":2,"minecraft:wooden_pickaxe":1},"minecraft:killed_by":{"minecraft:player":1},"minecraft:used":{"minecraft:stone_pickaxe":88,"minecraft:iron_pickaxe":183,"minecraft:wooden_pickaxe":36,"minecraft:stone_axe":16,"minecraft:sand":7,"minecraft:dirt":19,"minecraft:crafting_table":5,"minecraft:andesite":3,"minecraft:oak_boat":1},"minecraft:crafted":{"minecraft:oak_boat":1,"minecraft:oak_planks":44,"minecraft:shield":1,"minecraft:crafting_table":1,"minecraft:stick":12,"minecraft:wooden_pickaxe":1,"minecraft:iron_pickaxe":1,"minecraft:stone_pickaxe":1,"minecraft:stone_axe":1,"minecraft:bread":12,"minecraft:diamond_chestplate":1},"minecraft:custom":{"minecraft:time_since_rest":16031,"minecraft:sprint_one_cm":18681,"minecraft:damage_taken":236,"minecraft:walk_one_cm":25704,"minecraft:mob_kills":2,"minecraft:drop":7,"minecraft:damage_dealt":439,"minecraft:interact_with_crafting_table":6,"minecraft:swim_one_cm":19373,"minecraft:fly_one_cm":29374,"minecraft:player_kills":1,"minecraft:open_chest":3,"minecraft:crouch_one_cm":3649,"minecraft:play_time":19573,"minecraft:deaths":1,"minecraft:sneak_time":1930,"minecraft:walk_under_water_one_cm":3671,"minecraft:boat_one_cm":57687,"minecraft:jump":182,"minecraft:leave_game":1,"minecraft:time_since_death":16006,"minecraft:walk_on_water_one_cm":3218,"minecraft:total_world_time":19573,"minecraft:fall_one_cm":2717},"minecraft:mined":{"minecraft:deepslate_diamond_ore":4,"minecraft:andesite":6,"minecraft:crafting_table":5,"minecraft:granite":4,"minecraft:short_grass":3,"minecraft:grass_block":2,"minecraft:oak_log":10,"minecraft:coal_ore":4,"minecraft:chest":1,"minecraft:sand":6,"minecraft:dirt":17,"minecraft:tall_grass":1,"minecraft:stone":64,"minecraft:diorite":11,"minecraft:deepslate":183}},"DataVersion":3953}